Sales,Quantity
13.48,1.0
29.74,1.0
125.99,1.0
0.8759999999999999,1.0
11.84,1.0
1.9880000000000002,1.0
39.48,1.0
2.043,1.0
16.99,1.0
138.588,1.0
499.99,1.0
12.175999999999998,1.0
0.898,1.0
5.8,1.0
8.75,1.0
195.18400000000003,1.0
210.00799999999998,1.0
2.469,1.0
124.792,1.0
1.044,1.0
91.475,1.0
37.91,1.0
1.824,1.0
155.37,1.0
7.992000000000001,1.0
0.444,1.0
47.496,1.0
51.897,1.0
50.997,1.0
29.592,1.0
271.992,1.0
45.894,1.0
44.38399999999999,1.0
10.312000000000001,1.0
110.98,1.0
9.99,1.0
14.98,1.0
41.22,1.0
1.9409999999999998,1.0
1.869,1.0
120.33,1.0
1.641,1.0
2.032,1.0
142.18200000000004,1.0
0.836,1.0
2.025,1.0
2.655,1.0
16.91,1.0
43.583999999999996,1.0
35.208,1.0
170.98,1.0
179.886,1.0
205.99200000000002,1.0
12.536,1.0
36.192,1.0
39.992,1.0
40.97,1.0
119.96,1.0
22.2,1.0
89.76799999999999,1.0
14.98,1.0
1039.992,1.0
79.992,1.0
1.72,1.0
37.76,1.0
47.903999999999996,1.0
16.06,1.0
13.762,1.0
9.98,1.0
66.688,1.0
46.94,1.0
90.0,1.0
3.444,1.0
3.273,1.0
15.51,1.0
36.51,1.0
1.188,1.0
135.516,1.0
1.234,1.0
10.16,1.0
43.31,1.0
127.785,1.0
2.412,1.0
256.784,1.0
55.2,1.0
55.968,1.0
20.24,1.0
7.76,1.0
1.3619999999999999,1.0
10.304,1.0
10.99,1.0
13.494000000000002,1.0
1.476,1.0
105.686,1.0
15.02,1.0
2.313,1.0
26.64,1.0
9.14,1.0
239.24,1.0
10.44,1.0
1.344,1.0
31.991999999999997,1.0
4.91,1.0
10.95,1.0
0.99,1.0
60.74,1.0
315.98,1.0
16.98,1.0
1.78,1.0
13.184000000000001,1.0
5.952000000000001,1.0
2.6719999999999997,1.0
2.92,1.0
18.176,1.0
21.184,1.0
3.1039999999999996,1.0
4.98,1.0
32.775999999999996,1.0
4.4639999999999995,1.0
12.88,1.0
6.6960000000000015,1.0
385.686,1.0
22.784000000000002,1.0
1.7280000000000002,1.0
240.78400000000002,1.0
10.67,1.0
7.992000000000001,1.0
2.21,1.0
91.275,1.0
28.99,1.0
135.882,1.0
9.78,1.0
4.672,1.0
1.24,1.0
77.72,1.0
22.424,1.0
80.48,1.0
2.224,1.0
6.9,1.0
1.632,1.0
52.99,1.0
103.19200000000001,1.0
6.8,1.0
5.0,1.0
2.6719999999999997,1.0
1.892,1.0
60.89,1.0
7.89,1.0
27.42,1.0
31.00800000000001,1.0
17.15,1.0
0.852,1.0
73.915,1.0
2.97,1.0
2.944,1.0
469.99,1.0
13.208,1.0
1.744,1.0
11.672,1.0
9.99,1.0
40.784,1.0
1.167,1.0
35.54400000000001,1.0
71.992,1.0
142.86,1.0
1.365,1.0
0.556,1.0
19.98,1.0
12.992,1.0
13.592,1.0
16.784000000000002,1.0
112.648,1.0
136.53,1.0
67.992,1.0
67.194,1.0
3.424,1.0
2.6239999999999997,1.0
2.6,1.0
54.48,1.0
12.99,1.0
2.3040000000000003,1.0
1.4480000000000002,1.0
21.98,1.0
20.34,1.0
1.504,1.0
1.4080000000000001,1.0
2.064,1.0
1.7519999999999998,1.0
99.59200000000001,1.0
16.192,1.0
69.375,1.0
186.732,1.0
7.16,1.0
84.99,1.0
69.99,1.0
15.42,1.0
70.686,1.0
61.542,1.0
286.85,1.0
43.13,1.0
8.559,1.0
18.0,1.0
22.72,1.0
102.43799999999999,1.0
4.276,1.0
43.28,1.0
17.43,1.0
13.98,1.0
15.25,1.0
61.583999999999996,1.0
125.99,1.0
32.775999999999996,1.0
146.04,1.0
9.522,1.0
169.99,1.0
119.833,1.0
7.38,1.0
13.97,1.0
280.79200000000003,1.0
91.99,1.0
240.37,1.0
8.792,1.0
8.02,1.0
12.98,1.0
104.78399999999999,1.0
11.56,1.0
36.99,1.0
7.476,1.0
102.833,1.0
209.67,1.0
39.992,1.0
3.798,1.0
48.91,1.0
59.76,1.0
67.84,1.0
132.16,1.0
207.48,1.0
8.783999999999999,1.0
2.394,1.0
8.872,1.0
262.11,1.0
120.78399999999999,1.0
7.996,1.0
8.682,1.0
39.98,1.0
63.992,1.0
13.023,1.0
34.54,1.0
55.992,1.0
6.08,1.0
189.576,1.0
284.82,1.0
109.95,1.0
7.28,1.0
189.0,1.0
6.316,1.0
14.2,1.0
4.984,1.0
18.7,1.0
7.71,1.0
29.29,1.0
39.128,1.0
95.992,1.0
63.68600000000001,1.0
28.351999999999997,1.0
36.738,1.0
156.792,1.0
165.98,1.0
18.94,1.0
39.992,1.0
35.96,1.0
39.594,1.0
143.43200000000004,1.0
64.78399999999999,1.0
34.36,1.0
22.23,1.0
89.99,1.0
37.208,1.0
20.936,1.0
286.256,1.0
34.76,1.0
57.593999999999994,1.0
136.99,1.0
7.89,1.0
70.98,1.0
6.928,1.0
98.39200000000001,1.0
6.98,1.0
290.98,1.0
13.48,1.0
107.984,1.0
47.992,1.0
21.99,1.0
25.98,1.0
10.48,1.0
26.49,1.0
14.89,1.0
5.682,1.0
35.89,1.0
56.68600000000001,1.0
67.176,1.0
14.98,1.0
16.272000000000002,1.0
25.984,1.0
15.384,1.0
7.98,1.0
12.07,1.0
19.9,1.0
5.98,1.0
70.56,1.0
6.4639999999999995,1.0
84.98,1.0
6.38,1.0
22.48,1.0
20.368,1.0
22.98,1.0
8.6,1.0
5.88,1.0
7.692,1.0
35.445,1.0
1.996,1.0
37.93,1.0
10.48,1.0
13.456,1.0
332.704,1.0
200.795,1.0
102.58200000000001,1.0
10.89,1.0
9.11,1.0
2.068,1.0
10.9,1.0
176.78400000000005,1.0
5.022,1.0
140.81,1.0
61.928999999999995,1.0
135.95,1.0
118.99,1.0
2.182,1.0
4.503,1.0
13.98,1.0
343.2,1.0
30.384,1.0
6.294,1.0
7.58,1.0
350.98,1.0
76.792,1.0
103.48100000000001,1.0
28.791999999999998,1.0
78.15,1.0
6.08,1.0
180.016,1.0
35.49,1.0
11.744000000000002,1.0
100.792,1.0
181.797,1.0
51.588,1.0
63.68600000000001,1.0
26.48,1.0
400.784,1.0
33.94,1.0
25.984,1.0
51.983999999999995,1.0
2.2640000000000002,1.0
6.69,1.0
10.9,1.0
11.415999999999999,1.0
11.032,1.0
22.23,1.0
5.607,1.0
10.98,1.0
8.73,1.0
120.712,1.0
164.792,1.0
12.585,1.0
29.99,1.0
102.59200000000001,1.0
300.98,1.0
18.97,1.0
199.99,1.0
6.54,1.0
62.92,1.0
15.58,1.0
89.0664,1.0
14.99,1.0
21.744,1.0
25.424,1.0
2.89,1.0
2.8960000000000004,1.0
34.384,1.0
44.784,1.0
15.14,1.0
158.99,1.0
569.99,1.0
265.17,1.0
81.94,1.0
5.58,1.0
117.882,1.0
11.09,1.0
12.35,1.0
63.94,1.0
286.4,1.0
4.95,1.0
80.991,1.0
3.984,1.0
42.95,1.0
263.96,1.0
3.912,1.0
220.96,1.0
58.924,1.0
4.176,1.0
3.928,1.0
48.711999999999996,1.0
26.631999999999998,1.0
4.712,1.0
100.49,1.0
3.28,1.0
3.8560000000000003,1.0
5.58,1.0
29.99,1.0
100.792,1.0
11.54,1.0
4.064,1.0
2.91,1.0
3.64,1.0
2.78,1.0
13.584000000000001,1.0
2.89,1.0
2.88,1.0
29.98,1.0
275.49,1.0
3.38,1.0
55.992,1.0
6.7,1.0
666.248,1.0
15.216,1.0
3.04,1.0
157.79399999999995,1.0
330.588,1.0
3.048,1.0
90.99,1.0
8.78,1.0
14.16,1.0
104.01,1.0
5.98,1.0
3.89,1.0
265.475,1.0
64.78399999999999,1.0
4.98,1.0
51.94,1.0
116.76,1.0
16.95,1.0
3.048,1.0
120.98,1.0
3.304,1.0
73.85,1.0
13.72,1.0
8.57,1.0
330.588,1.0
3.8160000000000003,1.0
15.872,1.0
13.4,1.0
31.95,1.0
599.99,1.0
46.38399999999999,1.0
4.13,1.0
15.175999999999998,1.0
109.59200000000001,1.0
3.528,1.0
2.992,1.0
18.392,1.0
8.62,1.0
3.8080000000000003,1.0
161.61,1.0
3.984,1.0
33.552,1.0
22.704,1.0
15.872,1.0
4.26,1.0
19.83,1.0
18.272000000000002,1.0
5.56,1.0
1270.99,1.0
20.104,1.0
5.88,1.0
43.57,1.0
4.6160000000000005,1.0
15.232000000000001,1.0
9.096,1.0
12.53,1.0
4.89,1.0
54.96,1.0
156.792,1.0
83.36,1.0
23.65,1.0
7.88,1.0
207.18400000000003,1.0
34.504,1.0
45.99,1.0
4.13,1.0
3.89,1.0
38.431999999999995,1.0
46.51,1.0
20.24,1.0
160.98,1.0
3.81,1.0
61.192,1.0
151.192,1.0
120.78399999999999,1.0
5.81,1.0
7.27,1.0
244.615,1.0
5.84,1.0
150.98,1.0
6.3839999999999995,1.0
4.41,1.0
5.104,1.0
30.53,1.0
12.78,1.0
30.93,1.0
8.39,1.0
7.77,1.0
27.991999999999997,1.0
7.38,1.0
6.6720000000000015,1.0
55.98,1.0
4.18,1.0
3.29,1.0
64.384,1.0
180.98,1.0
90.801,1.0
30.98,1.0
44.95,1.0
4.77,1.0
4.303999999999999,1.0
272.848,1.0
9.656,1.0
45.98,1.0
4.54,1.0
5.08,1.0
114.288,1.0
896.99,1.0
16.36,1.0
21.39,1.0
240.78400000000002,1.0
30.98,1.0
16.59,1.0
4.832,1.0
80.98,1.0
27.18,1.0
1016.7919999999999,1.0
30.4,1.0
4.672,1.0
78.8,1.0
4.4639999999999995,1.0
15.992,1.0
3.7439999999999998,1.0
191.5155,1.0
3.312,1.0
11.184000000000001,1.0
8.384,1.0
74.24,1.0
2.88,1.0
220.98,1.0
79.384,1.0
425.833,1.0
8.72,1.0
39.152,1.0
1.64,1.0
14.952,1.0
108.925,1.0
3.984,1.0
83.88,1.0
6.79,1.0
3.392,1.0
11.175999999999998,1.0
72.294,1.0
2.22,1.0
104.696,1.0
559.992,1.0
5.95,1.0
17.3,1.0
99.99,1.0
2.088,1.0
43.13,1.0
190.72,1.0
32.792,1.0
142.8,1.0
2.6319999999999997,1.0
3.408,1.0
11.992,1.0
4.73,1.0
26.72,1.0
2.496,1.0
43.41,1.0
387.99,1.0
2.74,1.0
9.24,1.0
70.98,1.0
164.99,1.0
254.52599999999998,1.0
172.11,1.0
23.99,1.0
2.84,1.0
66.294,1.0
107.53,1.0
6.984,1.0
2.8960000000000004,1.0
625.99,1.0
2.2,1.0
2.952,1.0
39.89,1.0
2.3040000000000003,1.0
5.47,1.0
9.952,1.0
2.96,1.0
2.52,1.0
3.28,1.0
70.71,1.0
16.99,1.0
4.91,1.0
2.464,1.0
14.28,1.0
2.48,1.0
21.568,2.0
39.98,2.0
153.56799999999996,2.0
8.927999999999997,2.0
7.518,2.0
48.896,2.0
4.768,2.0
13.36,2.0
5.76,2.0
11.96,2.0
241.96,2.0
19.54,2.0
127.96,2.0
63.56,2.0
20.12,2.0
6.46,2.0
221.98,2.0
18.656,2.0
24.18,2.0
23.12,2.0
5.247999999999998,2.0
7.7,2.0
27.96,2.0
42.368,2.0
19.312,2.0
16.34,2.0
67.88,2.0
8.704,2.0
9.344,2.0
9.156,2.0
27.311999999999998,2.0
2.784,2.0
7.9,2.0
4.36,2.0
32.56,2.0
85.24600000000002,2.0
4.544,2.0
43.96,2.0
57.583999999999996,2.0
4.16,2.0
24.816,2.0
9.96,2.0
5.872000000000001,2.0
124.46,2.0
6.096,2.0
24.224,2.0
292.1,2.0
2.92,2.0
119.9,2.0
29.78,2.0
23.988000000000003,2.0
30.84,2.0
3.008,2.0
6.848,2.0
25.76,2.0
17.12,2.0
4.6080000000000005,2.0
27.12,2.0
18.544,2.0
3.136,2.0
20.784000000000002,2.0
8.607999999999999,2.0
21.2,2.0
5.34,2.0
119.98,2.0
8.36,2.0
450.04,2.0
113.568,2.0
7.4,2.0
16.68,2.0
127.96,2.0
386.68,2.0
21.488000000000003,2.0
3.54,2.0
594.816,2.0
33.568000000000005,2.0
31.16,2.0
3.3280000000000003,2.0
3.208,2.0
81.568,2.0
23.968000000000004,2.0
6.257999999999999,2.0
44.96,2.0
4.704,2.0
120.666,2.0
123.85799999999999,2.0
359.772,2.0
6.888,2.0
6.688,2.0
63.968,2.0
4.6560000000000015,2.0
25.12,2.0
5.28,2.0
87.444,2.0
18.28,2.0
10.368,2.0
33.82,2.0
11.68,2.0
24.704,2.0
170.24,2.0
222.38400000000001,2.0
145.764,2.0
4.08,2.0
5.2,2.0
25.695999999999998,2.0
50.784,2.0
5.584,2.0
4.6,2.0
3.62,2.0
105.584,2.0
3.76,2.0
3.68,2.0
10.984000000000002,2.0
19.168,2.0
7.5,2.0
23.951999999999998,2.0
271.98,2.0
33.52,2.0
183.372,2.0
269.98,2.0
11.648,2.0
24.4,2.0
231.98,2.0
14.136,2.0
3.008,2.0
285.552,2.0
23.18,2.0
199.2,2.0
26.031999999999996,2.0
48.848,2.0
10.56,2.0
3.44,2.0
5.68,2.0
171.96,2.0
6.104,2.0
1.824,2.0
207.984,2.0
7.3,2.0
6.367999999999999,2.0
839.988,2.0
81.568,2.0
66.112,2.0
39.984,2.0
290.666,2.0
199.98,2.0
9.408,2.0
9.344,2.0
13.194,2.0
305.312,2.0
24.588,2.0
11.214,2.0
31.744,2.0
7.38,2.0
31.92,2.0
28.84,2.0
24.816,2.0
227.96,2.0
16.192,2.0
33.96,2.0
15.78,2.0
19.136,2.0
361.764,2.0
49.96,2.0
93.78,2.0
9.42,2.0
457.56800000000004,2.0
8.927999999999997,2.0
27.055999999999997,2.0
9.888,2.0
5.88,2.0
121.96,2.0
16.192,2.0
9.28,2.0
9.762,2.0
6.2079999999999975,2.0
32.431999999999995,2.0
41.96,2.0
13.52,2.0
5.728,2.0
191.96,2.0
40.0,2.0
4.56,2.0
5.48,2.0
23.16800000000001,2.0
171.96,2.0
4.768,2.0
177.68,2.0
58.68,2.0
41.28,2.0
8.904,2.0
33.9,2.0
178.38400000000001,2.0
750.68,2.0
27.184,2.0
75.98,2.0
3.1519999999999997,2.0
6.68,2.0
329.584,2.0
64.96,2.0
7.216,2.0
10.38,2.0
39.96,2.0
665.408,2.0
134.28799999999998,2.0
20.86,2.0
8.952,2.0
7.04,2.0
4.16,2.0
19.96,2.0
44.37600000000001,2.0
30.0,2.0
102.368,2.0
49.56800000000001,2.0
10.72,2.0
5.343999999999999,2.0
23.968000000000004,2.0
53.24800000000001,2.0
9.006,2.0
120.0,2.0
6.992000000000001,2.0
9.96,2.0
7.38,2.0
71.96,2.0
9.618,2.0
161.96,2.0
105.42,2.0
56.96,2.0
24.14,2.0
162.64,2.0
10.08,2.0
104.98,2.0
209.3,2.0
54.896,2.0
3.264,2.0
2.946,2.0
6.608,2.0
2.694,2.0
11.96,2.0
69.712,2.0
25.96,2.0
3.488,2.0
3.488,2.0
3.168,2.0
3.108,2.0
2.952,2.0
1.272,2.0
131.10399999999998,2.0
99.488,2.0
62.048,2.0
9.588,2.0
2.48,2.0
127.88,2.0
8.56,2.0
47.51600000000001,2.0
1.192,2.0
2.742,2.0
60.768,2.0
21.98,2.0
57.583999999999996,2.0
64.96,2.0
163.88,2.0
4.2,2.0
35.216,2.0
8.288,2.0
1.4080000000000001,2.0
3.798,2.0
3.318,2.0
1.5919999999999999,2.0
58.58,2.0
97.04,2.0
30.28,2.0
481.56800000000004,2.0
3.3280000000000003,2.0
386.34,2.0
24.031999999999996,2.0
22.368000000000002,2.0
211.96,2.0
81.55199999999998,2.0
2.892,2.0
49.568000000000005,2.0
6.367999999999999,2.0
1.696,2.0
21.44,2.0
19.152,2.0
270.62,2.0
3.438,2.0
11.168,2.0
30.144000000000002,2.0
3.2039999999999997,2.0
15.984000000000002,2.0
55.424,2.0
94.992,2.0
3.036,2.0
3.2039999999999997,2.0
7.184,2.0
11.328,2.0
160.96,2.0
5.32,2.0
23.344,2.0
11.824000000000002,2.0
102.96,2.0
99.37200000000001,2.0
2.96,2.0
18.464000000000002,2.0
4.272,2.0
41.56800000000001,2.0
13.712,2.0
86.62,2.0
52.96,2.0
75.48,2.0
41.54,2.0
390.36800000000005,2.0
71.372,2.0
5.984,2.0
11.632,2.0
5.888,2.0
85.9,2.0
37.296,2.0
1.8719999999999999,2.0
25.78,2.0
2.688,2.0
3.64,2.0
47.983999999999995,2.0
3.168,2.0
7.968,2.0
1.9380000000000002,2.0
6.367999999999999,2.0
532.72,2.0
39.984,2.0
118.0,2.0
2.628,2.0
3.48,2.0
2.7239999999999998,2.0
116.78399999999999,2.0
1.112,2.0
4.712,2.0
4.448,2.0
2.508,2.0
2.388,2.0
7.76,2.0
271.764,2.0
62.496,2.0
6.608,2.0
10.687999999999999,2.0
241.96,2.0
5.84,2.0
6.848,2.0
227.28,2.0
197.58,2.0
2.286,2.0
5.584,2.0
441.92,2.0
5.312,2.0
2.202,2.0
1.9080000000000001,2.0
105.98,2.0
4.032,2.0
6.0,2.0
1.524,2.0
6.608,2.0
3.984,2.0
7.28,2.0
187.98,2.0
68.46,2.0
18.656,2.0
15.984000000000002,2.0
77.72800000000002,2.0
21.488000000000003,2.0
4.626,2.0
69.9,2.0
13.96,2.0
416.32,2.0
239.984,2.0
7.968,2.0
215.968,2.0
750.68,2.0
3.2,2.0
30.768,2.0
6.2079999999999975,2.0
449.56800000000004,2.0
18.656,2.0
37.88,2.0
1.392,2.0
59.48,2.0
28.784000000000002,2.0
221.382,2.0
20.784000000000002,2.0
7.904,2.0
479.98800000000006,2.0
4.938,2.0
13.48,2.0
18.98,2.0
5.2379999999999995,2.0
466.76800000000003,2.0
6.984,2.0
28.28,2.0
2.8160000000000003,2.0
201.96,2.0
142.36,2.0
3.96,2.0
121.96,2.0
210.98,2.0
1.624,2.0
8.28,2.0
4.672,2.0
23.2,2.0
2.512,2.0
209.986,2.0
20.608,2.0
23.744,2.0
3.536,2.0
1.556,2.0
4.912,2.0
24.671999999999997,2.0
12.767999999999999,2.0
31.02,2.0
8.128,2.0
110.4,2.0
15.648,2.0
2.96,2.0
18.76,2.0
4.3,2.0
2.7239999999999998,2.0
423.648,2.0
81.96,2.0
22.84800000000001,2.0
8.0,2.0
17.44,2.0
3.7680000000000002,2.0
6.36,2.0
248.98,2.0
6.28,2.0
4.368,2.0
239.98,2.0
79.1,2.0
31.984,2.0
261.96,2.0
4.086,2.0
1.9280000000000002,2.0
82.64,2.0
47.583999999999996,2.0
3.36,2.0
236.528,2.0
341.96,2.0
8.96,2.0
10.384,2.0
44.784,2.0
3.648,2.0
3.486,2.0
572.8,2.0
26.7,2.0
3.444,2.0
5.82,2.0
16.256,2.0
3.5639999999999996,2.0
3.96,2.0
258.48,2.0
2.52,2.0
5.327999999999999,2.0
45.98,2.0
559.984,2.0
2.072,2.0
4.66,2.0
113.552,2.0
33.48,2.0
17.52,2.0
7.856,2.0
127.764,2.0
37.84,2.0
359.98,2.0
63.92,2.0
671.9839999999998,2.0
11.808,2.0
11.56,2.0
2.112,2.0
109.764,2.0
24.368000000000002,2.0
181.96,2.0
27.264,2.0
7.072,2.0
20.768,2.0
119.56,2.0
39.96,2.0
15.36,2.0
358.58,2.0
225.56799999999998,2.0
113.37200000000001,2.0
43.98,2.0
63.824,2.0
25.984,2.0
199.98,2.0
43.32,2.0
14.624,2.0
21.88,2.0
99.54,2.0
261.96,2.0
414.96,2.0
273.96,2.0
12.9,2.0
97.42399999999999,2.0
1099.98,2.0
430.88,2.0
17.0,2.0
609.98,2.0
47.98,2.0
779.796,2.0
221.96,2.0
273.568,2.0
164.388,2.0
411.98,2.0
153.584,2.0
12.832,2.0
22.18,2.0
66.28399999999999,2.0
577.764,2.0
108.78399999999999,2.0
61.96,2.0
30.344,2.0
13.488,2.0
99.28,2.0
22.96,2.0
143.72799999999995,2.0
34.08,2.0
55.98,2.0
12.992,2.0
476.8,2.0
206.96200000000002,2.0
13.48,2.0
241.17,2.0
28.272,2.0
75.6,2.0
97.16,2.0
18.62,2.0
95.648,2.0
31.984,2.0
400.032,2.0
190.896,2.0
253.764,2.0
381.44,2.0
235.188,2.0
219.168,2.0
517.9,2.0
111.984,2.0
13.168,2.0
30.88,2.0
105.584,2.0
378.0,2.0
128.9,2.0
63.96,2.0
23.912,2.0
35.04,2.0
17.14,2.0
26.86,2.0
241.424,2.0
205.3328,2.0
65.568,2.0
561.568,2.0
44.784,2.0
183.372,2.0
22.68,2.0
177.56799999999996,2.0
17.24,2.0
92.96,2.0
218.75,2.0
194.25,2.0
35.984,2.0
139.92,2.0
332.48,2.0
127.37200000000001,2.0
28.4,2.0
47.98,2.0
40.784,2.0
421.1,2.0
32.711999999999996,2.0
10.76,2.0
16.78,2.0
101.96,2.0
16.392,2.0
17.904,2.0
29.94,2.0
47.968,2.0
335.744,2.0
152.688,2.0
34.86,2.0
19.96,2.0
11.648,2.0
246.38400000000001,2.0
48.848,2.0
290.336,2.0
23.1,2.0
581.96,2.0
127.38600000000001,2.0
661.176,2.0
97.984,2.0
337.98,2.0
210.58,2.0
441.96,2.0
108.78399999999999,2.0
25.16,2.0
15.624,2.0
355.96,2.0
281.904,2.0
151.188,2.0
36.784,2.0
183.968,2.0
34.656,2.0
71.984,2.0
197.372,2.0
30.351999999999997,2.0
644.076,2.0
179.94,2.0
318.4,2.0
22.38,2.0
48.64,2.0
29.16,2.0
22.96,2.0
40.48,2.0
59.98,2.0
37.4,2.0
168.46400000000003,2.0
113.37200000000001,2.0
416.32,2.0
217.584,2.0
8.96,2.0
14.56,2.0
29.808000000000003,2.0
38.62,2.0
911.9839999999999,2.0
499.98,2.0
9.54,2.0
659.988,2.0
344.22,2.0
391.98,2.0
89.9,2.0
16.496,2.0
319.9840000000001,2.0
21.96,2.0
959.9839999999999,2.0
42.623999999999995,2.0
126.08,2.0
398.972,2.0
207.984,2.0
1295.78,2.0
32.96,2.0
55.61600000000001,2.0
177.648,2.0
33.02,2.0
71.88,2.0
257.568,2.0
68.62,2.0
42.38399999999999,2.0
361.96,2.0
211.372,2.0
39.96,2.0
46.38399999999999,2.0
56.56800000000001,2.0
384.76800000000003,2.0
69.008,2.0
84.272,2.0
246.1328,2.0
12.94,2.0
17.76,2.0
329.98800000000006,2.0
683.988,2.0
73.78399999999998,2.0
10.68,2.0
128.124,2.0
399.54,2.0
641.96,2.0
32.192,2.0
13.904000000000002,2.0
20.72,2.0
41.9,2.0
83.42,2.0
211.24599999999998,2.0
150.384,2.0
166.5,2.0
879.9839999999999,2.0
69.98,2.0
379.37199999999996,2.0
16.096,2.0
449.56800000000004,2.0
251.00599999999997,2.0
161.28,2.0
399.98,2.0
337.176,2.0
13.36,2.0
686.32,2.0
101.994,2.0
431.94,2.0
67.98,2.0
52.98,2.0
384.592,2.0
409.272,2.0
14.2,2.0
601.3,2.0
599.98,2.0
39.66,2.0
69.264,2.0
273.06,2.0
45.408,2.0
86.26,2.0
14.16,2.0
333.056,2.0
215.148,2.0
344.22,2.0
300.5328,2.0
233.86,2.0
418.8,2.0
59.184,2.0
116.98,2.0
95.984,2.0
429.6,2.0
50.0,2.0
40.736,2.0
588.784,2.0
99.588,2.0
314.532,2.0
19.98,2.0
75.84,2.0
79.78,2.0
10.56,2.0
36.544000000000004,2.0
194.528,2.0
10.36,2.0
130.98,2.0
485.94,2.0
307.666,2.0
15.648,2.0
716.0,2.0
20.8,2.0
209.148,2.0
481.176,2.0
433.56800000000004,2.0
193.86,2.0
41.583999999999996,2.0
114.46,2.0
247.188,2.0
19.432000000000002,2.0
182.55,2.0
12.544,2.0
401.59,2.0
981.372,2.0
13.984000000000002,2.0
20.46,2.0
9.64,2.0
40.54,2.0
43.56,2.0
44.4,2.0
203.18400000000003,2.0
52.448,2.0
9.84,2.0
141.372,2.0
38.04,2.0
111.0,2.0
600.53,2.0
59.994,2.0
15.968,2.0
13.76,2.0
22.96,2.0
799.9839999999997,2.0
60.672,2.0
172.18599999999995,2.0
1497.6660000000006,2.0
52.34,2.0
136.464,2.0
601.808,2.0
189.588,2.0
549.98,2.0
258.528,2.0
480.74,2.0
59.9,2.0
44.02,2.0
32.06,2.0
190.86,2.0
19.567999999999998,2.0
121.78,2.0
574.91,2.0
27.58,2.0
23.1,2.0
79.98,2.0
51.56,2.0
23.991999999999997,2.0
51.98,2.0
18.76,2.0
48.632,2.0
20.96,2.0
696.42,2.0
95.994,2.0
72.48,2.0
33.18,2.0
61.96,2.0
85.3,2.0
191.984,2.0
205.176,2.0
108.96,2.0
156.3728,2.0
589.9,2.0
20.387999999999998,2.0
569.64,2.0
47.98,2.0
36.672,2.0
10.16,2.0
72.58800000000002,2.0
21.392,2.0
25.488000000000003,2.0
331.96,2.0
325.86,2.0
43.872,2.0
838.38,2.0
201.584,2.0
743.988,2.0
33.024,2.0
526.582,2.0
12.96,2.0
47.92,2.0
455.1,2.0
55.5,2.0
83.9,2.0
40.56,2.0
39.92,2.0
39.98,2.0
34.48,2.0
327.7328,2.0
11.168,2.0
129.56799999999998,2.0
18.24,2.0
68.72,2.0
269.97,2.0
119.98,2.0
424.272,2.0
143.128,2.0
26.96,2.0
95.8,2.0
14.56,2.0
70.88,2.0
111.984,2.0
51.96,2.0
39.96,2.0
7.96,2.0
16.224,2.0
538.194,2.0
10.32,2.0
121.3,2.0
141.372,2.0
15.28,2.0
34.6,2.0
348.92800000000005,2.0
13.592,2.0
27.968000000000004,2.0
20.724,2.0
1199.98,2.0
8.952,2.0
20.724,2.0
10.895999999999999,2.0
361.96,2.0
47.983999999999995,2.0
269.98,2.0
33.48,2.0
243.16,2.0
30.96,2.0
34.504,2.0
13.616,2.0
8.0,2.0
2541.98,2.0
21.594,2.0
26.8,2.0
20.62,2.0
15.56,2.0
18.368,2.0
241.56799999999998,2.0
21.936,2.0
69.16,2.0
9.68,2.0
11.648,2.0
51.968,2.0
74.416,2.0
78.27199999999998,2.0
39.872,2.0
14.224,2.0
55.188,2.0
97.96799999999999,2.0
89.988,2.0
22.62,2.0
5.587999999999999,2.0
79.984,2.0
27.68,2.0
28.048000000000002,2.0
195.46599999999998,2.0
11.62,2.0
1299.99,2.0
3059.982,2.0
115.96,2.0
13.98,2.0
1399.98,2.0
78.8528,2.0
33.96,2.0
449.37199999999996,2.0
273.666,2.0
42.208,2.0
6.816,2.0
13.38,2.0
341.96,2.0
67.78,2.0
19.76,2.0
121.94,2.0
21.34,2.0
75.96,2.0
135.984,2.0
15.22,2.0
2033.5839999999998,2.0
22.66,2.0
35.12,2.0
21.184,2.0
4.836,2.0
4.356,2.0
108.4,2.0
18.336,2.0
141.96,2.0
7.5,2.0
93.98,2.0
686.4,2.0
18.72,2.0
163.764,2.0
26.96,2.0
124.36,2.0
13.68,2.0
130.112,2.0
7.42,2.0
141.96,2.0
15.92,2.0
9.46,2.0
8.552,2.0
17.14,2.0
117.96,2.0
39.98,2.0
10.847999999999999,2.0
9.02,2.0
93.02,2.0
892.98,2.0
131.98,2.0
203.983,2.0
5.768,2.0
127.9872,2.0
9.64,2.0
37.3,2.0
2321.9,2.0
18.688,2.0
271.9,2.0
5.432,2.0
167.86,2.0
79.9,2.0
10.128,2.0
10.368,2.0
111.98,2.0
285.552,2.0
99.98,2.0
19.968,2.0
35.98,2.0
24.88,2.0
23.988000000000003,2.0
63.983999999999995,2.0
4799.984,2.0
9.78,2.0
32.96,2.0
82.8,2.0
119.02,2.0
290.666,2.0
1799.994,2.0
1039.728,2.0
319.9840000000001,2.0
83.988,2.0
5.7920000000000025,2.0
93.03200000000001,2.0
35.96,2.0
569.568,2.0
8.82,2.0
209.792,2.0
40.48,2.0
229.94,2.0
71.24600000000002,2.0
26.2,2.0
53.316,2.0
30.56,2.0
29.36,2.0
301.96,2.0
9.568,2.0
19.86,2.0
41.552,2.0
161.56799999999996,2.0
174.28599999999997,2.0
14.78,2.0
99.98,2.0
8.712,2.0
311.98,2.0
9.872,2.0
113.568,2.0
36.111999999999995,2.0
12.56,2.0
607.52,2.0
69.28,2.0
209.56799999999998,2.0
462.564,2.0
10.16,2.0
113.92,2.0
110.096,2.0
239.372,2.0
66.58,2.0
73.584,2.0
180.588,2.0
29.32,2.0
172.764,2.0
1299.66,2.0
127.984,2.0
97.98,2.0
13.56,2.0
11.61,2.0
14.6,2.0
561.5840000000002,2.0
46.84,2.0
359.98,2.0
61.96,2.0
28.06,2.0
1665.62,2.0
9.08,2.0
530.34,2.0
212.8,2.0
222.666,2.0
54.768,2.0
16.784000000000002,2.0
31.744,2.0
649.0,2.0
133.98,2.0
159.984,2.0
66.26,2.0
527.92,2.0
12.448,2.0
135.98,2.0
18.48,2.0
27.88,2.0
44.416000000000004,2.0
24.4,2.0
19.3,2.0
273.568,2.0
23.1,2.0
8.28,2.0
20.56,2.0
15.588,2.0
801.568,2.0
24.588,2.0
45.56800000000001,2.0
210.392,2.0
63.824,2.0
321.568,2.0
477.666,2.0
245.98,2.0
15.42,2.0
20.104,2.0
455.712,2.0
161.56799999999996,2.0
67.36,2.0
25.164,2.0
11.212,2.0
751.9839999999997,2.0
31.02,2.0
101.988,2.0
95.984,2.0
35.56800000000001,2.0
13.98,2.0
241.96,2.0
11.54,2.0
206.38400000000001,2.0
521.96,2.0
271.98400000000004,2.0
259.98,2.0
3991.98,2.0
1119.984,2.0
69.98,2.0
99.91799999999999,2.0
113.568,2.0
83.84,2.0
79.984,2.0
12.624,2.0
1332.496,2.0
99.568,2.0
199.98,2.0
239.9,2.0
301.96,2.0
456.588,2.0
41.988,2.0
68.48,2.0
205.16400000000002,2.0
11.68,2.0
145.56799999999996,2.0
17.97,3.0
51.9,3.0
28.14,3.0
212.94,3.0
17.22,3.0
418.296,3.0
16.68,3.0
14.67,3.0
13.23,3.0
117.456,3.0
11.94,3.0
60.72,3.0
26.136,3.0
29.403000000000002,3.0
13.62,3.0
113.76,3.0
25.02,3.0
238.56,3.0
9.09,3.0
707.88,3.0
239.96999999999997,3.0
239.97,3.0
4.92,3.0
12.78,3.0
23.76,3.0
51.33600000000001,3.0
15.192,3.0
434.352,3.0
20.016,3.0
18.504,3.0
362.352,3.0
17.52,3.0
50.94,3.0
15.527999999999999,3.0
34.8,3.0
17.472,3.0
12.72,3.0
116.82,3.0
272.97,3.0
510.24,3.0
18.24,3.0
68.16,3.0
14.952,3.0
14.19,3.0
17.76,3.0
182.94,3.0
305.9745,3.0
73.344,3.0
86.97,3.0
11.67,3.0
6.54,3.0
364.776,3.0
17.88,3.0
19.104,3.0
7.8,3.0
1007.9789999999999,3.0
113.97,3.0
17.67,3.0
56.91,3.0
82.344,3.0
88.02,3.0
92.94,3.0
372.144,3.0
59.97,3.0
431.976,3.0
312.03,3.0
23.64,3.0
30.84,3.0
18.264,3.0
95.88,3.0
76.176,3.0
18.24,3.0
16.272000000000002,3.0
146.82,3.0
328.776,3.0
28.08,3.0
10.74,3.0
91.59,3.0
8.34,3.0
842.352,3.0
47.61600000000001,3.0
203.976,3.0
31.44,3.0
12.6,3.0
107.94,3.0
21.81,3.0
17.94,3.0
263.88,3.0
81.57600000000002,3.0
152.91,3.0
683.952,3.0
323.976,3.0
62.808,3.0
499.584,3.0
11.01,3.0
27.096,3.0
74.352,3.0
56.82,3.0
36.672,3.0
8.22,3.0
58.2,3.0
11.43,3.0
381.57599999999996,3.0
103.056,3.0
19.152,3.0
15.48,3.0
15.18,3.0
206.352,3.0
12.672,3.0
6.03,3.0
342.8640000000001,3.0
19.752,3.0
14.73,3.0
104.184,3.0
60.84,3.0
47.01,3.0
333.999,3.0
8.856,3.0
20.37,3.0
104.97,3.0
7.98,3.0
212.94,3.0
162.6,3.0
191.976,3.0
113.94,3.0
68.472,3.0
11.67,3.0
25.631999999999998,3.0
8.01,3.0
14.94,3.0
48.72,3.0
9.432,3.0
81.54,3.0
74.76,3.0
122.91,3.0
98.352,3.0
173.94,3.0
14.67,3.0
181.95,3.0
8.687999999999999,3.0
65.232,3.0
59.97,3.0
20.82,3.0
23.976,3.0
27.24,3.0
326.64599999999996,3.0
80.88,3.0
108.96,3.0
298.776,3.0
8.52,3.0
39.816,3.0
12.815999999999999,3.0
85.22399999999998,3.0
15.072000000000001,3.0
8.94,3.0
8.73,3.0
25.248,3.0
12.144,3.0
10.92,3.0
66.69,3.0
194.94,3.0
145.74,3.0
26.982,3.0
333.09,3.0
130.71,3.0
333.57599999999996,3.0
14.85,3.0
311.976,3.0
19.008,3.0
6.6,3.0
39.071999999999996,3.0
7.56,3.0
9.12,3.0
38.784,3.0
16.656,3.0
20.951999999999998,3.0
9.912,3.0
21.864,3.0
14.46,3.0
359.88,3.0
11.664000000000001,3.0
31.151999999999997,3.0
359.976,3.0
33.63,3.0
125.13,3.0
10.776,3.0
11.64,3.0
119.976,3.0
56.4,3.0
14.94,3.0
7.41,3.0
15.24,3.0
12.39,3.0
18.84,3.0
10.895999999999999,3.0
214.11,3.0
362.94,3.0
192.18599999999998,3.0
27.72,3.0
22.752,3.0
225.576,3.0
21.93,3.0
62.91,3.0
15.575999999999999,3.0
98.352,3.0
304.776,3.0
65.94,3.0
13.128,3.0
119.1,3.0
299.96999999999997,3.0
6.63,3.0
11.568,3.0
9.0,3.0
107.976,3.0
85.14,3.0
149.232,3.0
466.32,3.0
134.85,3.0
12.39,3.0
9.144,3.0
87.54,3.0
21.744,3.0
97.44,3.0
36.744,3.0
45.66,3.0
9.84,3.0
23.375999999999998,3.0
102.72,3.0
9.336,3.0
62.37600000000001,3.0
135.72,3.0
84.84,3.0
287.976,3.0
167.535,3.0
35.952,3.0
45.78,3.0
71.976,3.0
10.512,3.0
102.624,3.0
64.704,3.0
338.352,3.0
86.376,3.0
19.535999999999998,3.0
47.94,3.0
16.74,3.0
15.527999999999999,3.0
71.976,3.0
14.376,3.0
239.97,3.0
16.776,3.0
10.47,3.0
19.608,3.0
8.94,3.0
191.976,3.0
101.94,3.0
32.232,3.0
14.52,3.0
8.64,3.0
38.256,3.0
22.959999999999997,3.0
119.94,3.0
14.015999999999998,3.0
11.82,3.0
17.88,3.0
12.984000000000002,3.0
20.1,3.0
122.94,3.0
15.54,3.0
221.55,3.0
12.912,3.0
14.495999999999999,3.0
7.896,3.0
32.952,3.0
14.592,3.0
10.74,3.0
10.95,3.0
74.352,3.0
5.28,3.0
7.152,3.0
62.31,3.0
25.11,3.0
87.96,3.0
22.776,3.0
113.22,3.0
11.07,3.0
37.391999999999996,3.0
89.85600000000002,3.0
71.976,3.0
257.499,3.0
16.776,3.0
49.44,3.0
13.392000000000001,3.0
174.42,3.0
95.95200000000001,3.0
37.68,3.0
358.2,3.0
20.232,3.0
23.471999999999998,3.0
13.71,3.0
115.44,3.0
13.44,3.0
12.72,3.0
14.088,3.0
79.44,3.0
38.97,3.0
166.5,3.0
18.336,3.0
505.32,3.0
85.44,3.0
72.96,3.0
60.72,3.0
191.646,3.0
351.216,3.0
9.54,3.0
24.96,3.0
14.04,3.0
13.92,3.0
178.11,3.0
11.952,3.0
77.97,3.0
12.815999999999999,3.0
125.76,3.0
13.272,3.0
368.97,3.0
14.67,3.0
23.831999999999997,3.0
6.54,3.0
269.982,3.0
67.56,3.0
83.97,3.0
11.352,3.0
431.976,3.0
22.248,3.0
37.751999999999995,3.0
432.45599999999996,3.0
9.42,3.0
7.44,3.0
11.568,3.0
165.048,3.0
134.376,3.0
62.82,3.0
369.57599999999996,3.0
41.37600000000001,3.0
28.912,3.0
64.14,3.0
332.94,3.0
154.95,3.0
148.02,3.0
22.344,3.0
46.343999999999994,3.0
33.528,3.0
65.94,3.0
65.97,3.0
5.28,3.0
67.71,3.0
40.775999999999996,3.0
344.94,3.0
29.304000000000002,3.0
10.824000000000002,3.0
91.176,3.0
48.81,3.0
9.87,3.0
13.944,3.0
27.816,3.0
10.584000000000001,3.0
49.53,3.0
629.064,3.0
19.872,3.0
13.776,3.0
14.255999999999998,3.0
14.592,3.0
12.54,3.0
16.176,3.0
40.29,3.0
235.94400000000002,3.0
698.352,3.0
868.59,3.0
37.05,3.0
93.456,3.0
375.4575,3.0
897.15,3.0
89.991,3.0
22.84800000000001,3.0
284.97,3.0
488.64599999999996,3.0
890.841,3.0
613.9992,3.0
422.05800000000005,3.0
308.499,3.0
36.84,3.0
675.06,3.0
182.352,3.0
472.51800000000003,3.0
1006.056,3.0
871.8,3.0
47.82,3.0
39.552,3.0
30.072,3.0
174.3,3.0
62.982,3.0
35.88,3.0
53.34,3.0
160.776,3.0
8.808,3.0
146.136,3.0
9.762,3.0
212.058,3.0
82.78200000000002,3.0
286.38,3.0
28.752,3.0
77.952,3.0
1128.39,3.0
636.408,3.0
6.24,3.0
21.93,3.0
35.1,3.0
599.97,3.0
333.0,3.0
36.36,3.0
57.93,3.0
512.3580000000002,3.0
31.776,3.0
34.44,3.0
828.6,3.0
213.48,3.0
40.29,3.0
21.84,3.0
53.352,3.0
167.976,3.0
1044.63,3.0
25.02,3.0
31.086,3.0
380.05800000000005,3.0
270.0,3.0
626.352,3.0
512.94,3.0
213.21599999999998,3.0
377.97,3.0
479.97,3.0
79.14,3.0
83.97,3.0
359.97,3.0
347.97,3.0
40.44,3.0
190.84799999999998,3.0
107.118,3.0
27.791999999999998,3.0
238.15200000000002,3.0
674.058,3.0
40.74,3.0
1362.9,3.0
428.4,3.0
12.384,3.0
209.97,3.0
722.352,3.0
27.396,3.0
12.588,3.0
34.65,3.0
8.652000000000001,3.0
27.881999999999998,3.0
370.62,3.0
453.6,3.0
12.462,3.0
362.94,3.0
293.199,3.0
31.086,3.0
206.43,3.0
484.65,3.0
27.18,3.0
186.254,3.0
224.937,3.0
71.97,3.0
899.982,3.0
55.008,3.0
53.982,3.0
218.37599999999998,3.0
286.29,3.0
675.12,3.0
23.076,3.0
302.94,3.0
6.888,3.0
38.34,3.0
13.427999999999999,3.0
48.576,3.0
15.57,3.0
66.03,3.0
48.816,3.0
21.204,3.0
77.952,3.0
15.57,3.0
31.2,3.0
60.81,3.0
50.136,3.0
14.427,3.0
14.832,3.0
6.587999999999999,3.0
71.976,3.0
25.83,3.0
127.554,3.0
127.869,3.0
146.352,3.0
30.671999999999997,3.0
170.97,3.0
13.895999999999999,3.0
1202.94,3.0
200.06400000000002,3.0
317.058,3.0
76.752,3.0
46.26,3.0
347.58,3.0
209.97,3.0
12.843,3.0
34.74,3.0
13.005,3.0
355.455,3.0
17.496,3.0
27.695999999999998,3.0
6.9,3.0
770.352,3.0
74.94,3.0
22.77,3.0
119.448,3.0
19.242,3.0
206.99099999999999,3.0
83.976,3.0
47.952,3.0
273.552,3.0
9.156,3.0
122.13600000000001,3.0
63.552,3.0
18.882,3.0
369.912,3.0
287.97,3.0
26.22,3.0
278.4,3.0
132.696,3.0
27.414,3.0
239.976,3.0
18.692999999999998,3.0
54.528,3.0
722.352,3.0
62.79,3.0
332.94,3.0
218.352,3.0
597.0,3.0
359.97,3.0
110.376,3.0
1292.94,3.0
258.75,3.0
569.058,3.0
21.3,3.0
52.272,3.0
68.238,3.0
287.94,3.0
52.751999999999995,3.0
1554.9360000000001,3.0
235.95,3.0
24.288,3.0
32.064,3.0
98.32799999999999,3.0
16.820999999999998,3.0
270.72,3.0
98.352,3.0
4.992,3.0
20.94,3.0
700.1519999999997,3.0
50.94,3.0
306.9,3.0
98.352,3.0
1652.94,3.0
45.576,3.0
410.352,3.0
294.93,3.0
243.38400000000001,3.0
28.44,3.0
313.722,3.0
1322.352,3.0
108.72,3.0
233.058,3.0
62.94,3.0
370.14,3.0
76.72800000000002,3.0
218.352,3.0
34.77,3.0
710.832,3.0
650.352,3.0
409.9992,3.0
747.558,3.0
350.973,3.0
566.97,3.0
46.44,3.0
362.13599999999997,3.0
38.976,3.0
26.94,3.0
40.751999999999995,3.0
57.582,3.0
220.77599999999998,3.0
719.9760000000001,3.0
40.05,3.0
824.97,3.0
87.21,3.0
191.058,3.0
154.764,3.0
467.97,3.0
280.782,3.0
532.3992,3.0
366.009,3.0
550.431,3.0
239.358,3.0
33.99,3.0
122.352,3.0
215.592,3.0
86.97,3.0
310.443,3.0
795.51,3.0
464.97,3.0
782.94,3.0
275.928,3.0
533.94,3.0
241.176,3.0
26.406,3.0
617.97,3.0
692.94,3.0
866.6460000000003,3.0
340.18199999999996,3.0
677.58,3.0
680.01,3.0
117.57600000000001,3.0
673.3439999999998,3.0
324.744,3.0
328.3992,3.0
506.28,3.0
275.058,3.0
47.97,3.0
212.13,3.0
323.982,3.0
131.88,3.0
83.95200000000001,3.0
1487.976,3.0
502.48800000000006,3.0
457.485,3.0
370.782,3.0
415.176,3.0
72.78,3.0
258.279,3.0
280.782,3.0
872.94,3.0
587.97,3.0
842.94,3.0
286.344,3.0
617.97,3.0
29.34,3.0
477.6,3.0
189.882,3.0
31.128,3.0
546.06,3.0
587.97,3.0
24.588,3.0
393.54,3.0
659.97,3.0
290.89799999999997,3.0
787.53,3.0
36.6,3.0
83.25,3.0
124.41,3.0
36.024,3.0
4912.59,3.0
26.351999999999997,3.0
194.352,3.0
311.976,3.0
377.97,3.0
106.869,3.0
409.59,3.0
613.908,3.0
123.552,3.0
152.991,3.0
559.71,3.0
52.59,3.0
299.97,3.0
364.74,3.0
512.499,3.0
29.34,3.0
434.352,3.0
18.24,3.0
124.2,3.0
43.5,3.0
44.76,3.0
253.176,3.0
371.976,3.0
148.257,3.0
1067.94,3.0
971.88,3.0
404.94,3.0
242.136,3.0
542.646,3.0
219.075,3.0
234.45,3.0
700.056,3.0
36.882,3.0
54.96,3.0
842.3760000000003,3.0
141.55200000000005,3.0
872.94,3.0
377.97,3.0
56.328,3.0
854.352,3.0
48.792,3.0
46.152,3.0
670.752,3.0
38.52,3.0
205.9992,3.0
55.176,3.0
33.282,3.0
863.88,3.0
422.856,3.0
497.94,3.0
539.91,3.0
251.79,3.0
41.91,3.0
24.588,3.0
359.976,3.0
191.079,3.0
174.0585,3.0
34.272,3.0
307.314,3.0
25.68,3.0
839.43,3.0
32.34,3.0
299.97,3.0
46.26,3.0
407.976,3.0
82.524,3.0
674.352,3.0
35.808,3.0
242.352,3.0
461.97,3.0
94.428,3.0
66.645,3.0
598.4580000000002,3.0
43.02,3.0
275.952,3.0
376.509,3.0
45.84,3.0
194.352,3.0
254.058,3.0
146.352,3.0
21.84,3.0
53.94,3.0
1112.94,3.0
25.176,3.0
51.756,3.0
494.98199999999997,3.0
26.25,3.0
611.058,3.0
299.97,3.0
449.97,3.0
275.97,3.0
484.83,3.0
369.1992,3.0
1127.976,3.0
359.05800000000005,3.0
791.88,3.0
731.94,3.0
374.376,3.0
95.976,3.0
88.75200000000002,3.0
90.882,3.0
13.698,3.0
1012.68,3.0
61.02,3.0
269.97,3.0
27.81,3.0
6.5760000000000005,3.0
6.24,3.0
67.56,3.0
4.128,3.0
46.53,3.0
6.192,3.0
47.976000000000006,3.0
5.303999999999999,3.0
176.77200000000005,3.0
71.976,3.0
52.776,3.0
27.191999999999997,3.0
523.3919999999998,3.0
32.7,3.0
23.34,3.0
11.22,3.0
119.85,3.0
7.871999999999999,3.0
5.58,3.0
8.94,3.0
3059.982,3.0
170.88,3.0
71.976,3.0
597.132,3.0
14.352,3.0
47.19,3.0
128.82,3.0
200.97,3.0
4.512,3.0
5.16,3.0
6.4079999999999995,3.0
30.191999999999997,3.0
16.74,3.0
626.1,3.0
9.48,3.0
4.728,3.0
14.13,3.0
164.22,3.0
149.97,3.0
818.3760000000003,3.0
6.912000000000001,3.0
180.66,3.0
1265.85,3.0
26.55,3.0
11.91,3.0
1.08,3.0
2.502,3.0
197.97,3.0
2.556,3.0
7.6320000000000014,3.0
2.376,3.0
42.408,3.0
32.97,3.0
32.985,3.0
173.94,3.0
8.832,3.0
991.7639999999999,3.0
11.304,3.0
29.04,3.0
35.016,3.0
1.476,3.0
3.366,3.0
91.03200000000001,3.0
2.862,3.0
7.968,3.0
2.907,3.0
37.056,3.0
332.94,3.0
1.8719999999999999,3.0
5.94,3.0
140.97,3.0
21.48,3.0
27.552,3.0
3.0239999999999996,3.0
47.952,3.0
18.24,3.0
59.97,3.0
137.352,3.0
36.048,3.0
1103.97,3.0
4.4639999999999995,3.0
40.968,3.0
182.67,3.0
83.976,3.0
17.94,3.0
182.91,3.0
314.08799999999997,3.0
29.79,3.0
212.94,3.0
1.944,3.0
23.67,3.0
164.646,3.0
1799.97,3.0
146.352,3.0
99.87,3.0
21.311999999999998,3.0
6.6720000000000015,3.0
155.25,3.0
20.7,3.0
4.896,3.0
68.94,3.0
5.472,3.0
32.04,3.0
29.34,3.0
8.68,3.0
5.64,3.0
5.352,3.0
17.43,3.0
4.416,3.0
21.072,3.0
38.97,3.0
14.143999999999998,3.0
9.552,3.0
50.97,3.0
28.14,3.0
374.376,3.0
13.872,3.0
163.44,3.0
16.031999999999996,3.0
94.74,3.0
336.51,3.0
16.14,3.0
38.376,3.0
20.808000000000003,3.0
45.48,3.0
17.22,3.0
47.976000000000006,3.0
29.97,3.0
28.728,3.0
179.97,3.0
6.57,3.0
14.015999999999998,3.0
4.824,3.0
16.23,3.0
10499.97,3.0
182.22,3.0
30.69,3.0
4.992,3.0
5.43,3.0
20.568,3.0
4535.976,3.0
5.28,3.0
323.976,3.0
245.646,3.0
2690.97,3.0
2624.985,3.0
62.85,3.0
3050.3759999999997,3.0
21.936,3.0
3266.3759999999997,3.0
3930.072,3.0
108.57600000000001,3.0
8.016,3.0
86.376,3.0
17.52,3.0
31.8,3.0
207.144,3.0
302.94,3.0
42.81,3.0
2152.776,3.0
13.392000000000001,3.0
449.1,3.0
4.17,3.0
7.83,3.0
95.736,3.0
59.97,3.0
16.74,3.0
5.46,3.0
626.352,3.0
13.392000000000001,3.0
470.376,3.0
139.44,3.0
109.53,3.0
6.4079999999999995,3.0
125.976,3.0
8.64,3.0
4.992,3.0
435.999,3.0
762.5939999999997,3.0
164.85,3.0
2.97,3.0
7.872000000000001,3.0
113.79,3.0
5.04,3.0
20.136,3.0
3.552,3.0
9.912,3.0
122.97,3.0
3.168,3.0
113.82,3.0
16.56,3.0
826.62,3.0
1214.85,3.0
3.8819999999999997,3.0
9.708,3.0
301.47,3.0
274.491,3.0
3.798,3.0
32.94,3.0
10.332,3.0
11.376,3.0
20.07,3.0
626.0383999999999,3.0
7.857,3.0
7.2360000000000015,3.0
208.44,3.0
25.71,3.0
2.334,3.0
434.64599999999996,3.0
57.06,3.0
44.94,3.0
3.648,3.0
27.552,3.0
3.318,3.0
146.352,3.0
5.742000000000001,3.0
212.94,3.0
11.687999999999999,3.0
2.694,3.0
77.952,3.0
304.23,3.0
8.736,3.0
10.776,3.0
2.946,3.0
146.952,3.0
23.04,3.0
39.264,3.0
914.97,3.0
3.036,3.0
620.6145,3.0
6.57,3.0
3.168,3.0
18.69,3.0
50.97,3.0
31.176,3.0
43.56,3.0
179.99099999999999,3.0
128.4,3.0
3.8280000000000003,3.0
32.592,3.0
899.97,3.0
4.47,3.0
22.38,3.0
452.94,3.0
45.12,3.0
4.788,3.0
10.782,3.0
201.43200000000002,3.0
671.94,3.0
19.35,3.0
1652.94,3.0
35.91,3.0
674.352,3.0
112.77600000000001,3.0
170.136,3.0
19.44,3.0
302.94,3.0
11.277000000000001,3.0
53.952,3.0
50.352,3.0
1079.85,3.0
59.52,3.0
257.94,3.0
376.866,3.0
155.82,3.0
826.11,3.0
10.475999999999999,3.0
134.97,3.0
75.0,3.0
268.935,3.0
301.47,3.0
25.128,3.0
539.658,3.0
28.752,3.0
9.702,3.0
40.68,3.0
28.68,3.0
36.336,3.0
1267.53,3.0
239.976,3.0
2.688,3.0
297.57599999999996,3.0
9.396,3.0
31.176,3.0
242.352,3.0
2.892,3.0
1169.694,3.0
1.9080000000000001,3.0
4.419,3.0
4.842,3.0
186.15,3.0
22.74,3.0
170.352,3.0
3357.6,3.0
4.553999999999999,3.0
33.87,3.0
4.401,3.0
142.488,3.0
4.86,3.0
1199.976,3.0
2.286,3.0
480.96,3.0
4.662,3.0
18.936,3.0
37.608000000000004,3.0
4.842,3.0
203.52,3.0
601.47,3.0
140.67,3.0
989.97,3.0
24.27,3.0
341.991,3.0
1.7280000000000002,3.0
129.39,3.0
68.97,3.0
62.958,3.0
140.376,3.0
415.97400000000005,3.0
564.195,3.0
4.095,3.0
40.2,3.0
7.068,3.0
4.044,3.0
155.976,3.0
4.338,3.0
23.471999999999998,3.0
4.419,3.0
19.14,3.0
2.544,3.0
5.607,3.0
34.176,3.0
2.7239999999999998,3.0
1349.85,3.0
71.376,3.0
64.17,3.0
5.346,3.0
20.97,3.0
1439.9820000000002,3.0
6.129,3.0
44.43,3.0
5.553,3.0
299.97,3.0
4.923,3.0
6.096,3.0
2.8080000000000003,3.0
29.97,3.0
357.0,3.0
5.229,3.0
72.22399999999998,4.0
35.008,4.0
26.76,4.0
307.168,4.0
27.12,4.0
27.52,4.0
72.0,4.0
55.168,4.0
194.368,4.0
315.2,4.0
69.696,4.0
35.135999999999996,4.0
56.56,4.0
26.2,4.0
22.368000000000002,4.0
53.72,4.0
44.128,4.0
94.6,4.0
26.16,4.0
31.56,4.0
13.96,4.0
29.12,4.0
91.96,4.0
39.08,4.0
405.64,4.0
186.304,4.0
35.808,4.0
36.56,4.0
49.76,4.0
23.36,4.0
93.68,4.0
195.68,4.0
30.84,4.0
80.96,4.0
41.6,4.0
18.56,4.0
46.64,4.0
43.92,4.0
13.52,4.0
403.168,4.0
29.24,4.0
43.6,4.0
31.12,4.0
36.96,4.0
28.16,4.0
40.096,4.0
17.855999999999995,4.0
403.168,4.0
29.12,4.0
479.332,4.0
323.13599999999997,4.0
24.96,4.0
140.736,4.0
28.4,4.0
119.80799999999999,4.0
32.04,4.0
26.56,4.0
30.44,4.0
41.6,4.0
93.88799999999999,4.0
29.12,4.0
47.391999999999996,4.0
32.56,4.0
30.36,4.0
46.2,4.0
48.84,4.0
459.88,4.0
255.968,4.0
45.4,4.0
19.168,4.0
91.92,4.0
25.248,4.0
367.96,4.0
18.92,4.0
120.76799999999999,4.0
27.36,4.0
55.36,4.0
71.12,4.0
39.96,4.0
52.06399999999999,4.0
57.68,4.0
435.168,4.0
21.248,4.0
438.36800000000005,4.0
15.52,4.0
37.056,4.0
83.8,4.0
21.375999999999998,4.0
13999.96,4.0
31.776,4.0
55.36,4.0
517.1519999999999,4.0
174.33599999999996,4.0
195.104,4.0
53.56800000000001,4.0
33.48,4.0
49.408,4.0
68.6,4.0
211.168,4.0
60.864,4.0
30.336,4.0
27.968000000000004,4.0
124.03200000000002,4.0
19.92,4.0
31.16800000000001,4.0
19.04,4.0
79.96,4.0
33.28,4.0
46.32,4.0
483.13599999999997,4.0
79.76,4.0
34.76,4.0
38.72,4.0
36.56,4.0
58.0,4.0
171.04,4.0
26.336,4.0
116.22399999999999,4.0
79.96,4.0
73.536,4.0
25.344,4.0
45.88800000000001,4.0
31.12,4.0
35.12,4.0
31.92,4.0
139.04,4.0
33.36,4.0
327.564,4.0
248.43,4.0
83.92,4.0
111.96,4.0
24.671999999999997,4.0
323.13599999999997,4.0
46.2,4.0
34.92,4.0
73.28,4.0
20.704,4.0
163.136,4.0
50.32,4.0
68.44800000000001,4.0
27.92,4.0
33.12,4.0
79.36,4.0
55.76,4.0
46.0,4.0
22.336,4.0
29.56,4.0
31.92,4.0
61.12,4.0
46.8,4.0
71.92,4.0
23.36,4.0
24.896,4.0
108.60799999999999,4.0
28.0,4.0
147.168,4.0
14.8,4.0
56.06399999999999,4.0
42.68,4.0
17.92,4.0
83.92,4.0
145.28,4.0
37.92,4.0
20.928,4.0
48.896,4.0
579.136,4.0
50.32,4.0
17.96,4.0
37.92,4.0
282.84,4.0
93.728,4.0
21.791999999999998,4.0
528.64,4.0
17.52,4.0
24.896,4.0
25.471999999999998,4.0
40.56,4.0
147.96,4.0
25.92,4.0
82.848,4.0
54.92,4.0
21.12,4.0
45.92,4.0
477.24,4.0
33.088,4.0
27.92,4.0
67.04,4.0
128.28,4.0
31.68,4.0
211.168,4.0
56.8,4.0
40.256,4.0
46.24,4.0
22.92,4.0
48.032,4.0
33.72,4.0
29.24,4.0
31.36,4.0
62.8,4.0
58.24,4.0
50.12,4.0
37.24,4.0
94.92,4.0
180.96,4.0
23.92,4.0
22.32,4.0
45.48,4.0
67.13600000000001,4.0
123.48799999999997,4.0
234.234,4.0
14.2,4.0
24.96,4.0
105.52,4.0
30.32,4.0
165.28,4.0
19.92,4.0
60.88,4.0
22.72,4.0
47.744,4.0
133.472,4.0
46.72,4.0
53.72,4.0
52.44,4.0
45.28,4.0
479.968,4.0
35.92,4.0
83.88,4.0
333.23400000000004,4.0
88.4,4.0
121.536,4.0
41.92,4.0
35.168,4.0
39.296,4.0
113.12,4.0
20.416,4.0
46.36,4.0
463.44,4.0
34.92,4.0
21.72,4.0
20.928,4.0
51.12,4.0
29.664,4.0
27.76,4.0
147.168,4.0
17.04,4.0
35.52,4.0
61.68,4.0
59.92,4.0
116.83200000000001,4.0
337.088,4.0
103.936,4.0
557.7280000000002,4.0
65.12,4.0
139.96,4.0
21.695999999999998,4.0
81.08,4.0
201.56799999999998,4.0
173.24,4.0
154.24,4.0
62.04,4.0
139.04,4.0
139.424,4.0
20.0,4.0
95.96799999999999,4.0
88.04,4.0
65.08,4.0
36.44,4.0
16.56,4.0
20.96,4.0
52.0,4.0
75.36,4.0
47.04,4.0
199.96,4.0
15.24,4.0
34.24,4.0
23.2,4.0
55.6,4.0
33.376,4.0
621.76,4.0
46.8,4.0
51.8,4.0
66.36,4.0
79.36,4.0
79.36,4.0
19.136,4.0
54.32,4.0
14.76,4.0
66.048,4.0
137.408,4.0
30.8,4.0
93.344,4.0
48.48,4.0
39.96,4.0
27.2,4.0
59.68,4.0
419.4,4.0
2.864,4.0
6.336,4.0
288.0,4.0
467.04,4.0
46.64,4.0
6.4079999999999995,4.0
6.216,4.0
713.88,4.0
3.392,4.0
7.7639999999999985,4.0
442.764,4.0
159.56,4.0
60.16,4.0
1053.164,4.0
604.768,4.0
232.88,4.0
275.24,4.0
431.976,4.0
816.8439999999999,4.0
3.656,4.0
7.644,4.0
6.528,4.0
144.96,4.0
6.456,4.0
5.388,4.0
626.352,4.0
287.968,4.0
152.37999999999997,4.0
8.752,4.0
15.072000000000001,4.0
4.956,4.0
4.572,4.0
216.4,4.0
4.592,4.0
494.376,4.0
643.136,4.0
6.688,4.0
5.484,4.0
609.98,4.0
519.7919999999998,4.0
95.984,4.0
5.892,4.0
41.56800000000001,4.0
10.427999999999999,4.0
194.32,4.0
783.96,4.0
639.9680000000002,4.0
213.92,4.0
195.136,4.0
8.736,4.0
141.76,4.0
1439.976,4.0
396.0,4.0
65.08800000000001,4.0
5.176,4.0
155.45600000000005,4.0
63.968,4.0
271.96,4.0
723.92,4.0
343.332,4.0
5.232,4.0
363.648,4.0
32.784,4.0
720.76,4.0
911.424,4.0
4.752,4.0
163.88,4.0
143.96,4.0
199.304,4.0
603.92,4.0
1199.976,4.0
138.56,4.0
227.84,4.0
1399.96,4.0
523.48,4.0
291.96,4.0
259.96,4.0
3.592,4.0
14.0,4.0
185.92,4.0
102.336,4.0
4.144,4.0
38.864000000000004,4.0
516.96,4.0
58.08,4.0
2.3040000000000003,4.0
974.988,4.0
419.4,4.0
175.872,4.0
1603.92,4.0
569.536,4.0
580.672,4.0
8.624,4.0
396.92,4.0
10.427999999999999,4.0
35.04,4.0
198.74400000000003,4.0
755.96,4.0
121.6,4.0
192.8,4.0
492.76800000000003,4.0
861.76,4.0
11.68,4.0
8.34,4.0
195.68,4.0
159.96,4.0
255.968,4.0
899.1360000000003,4.0
8.896,4.0
8.256,4.0
13.696,4.0
136.96,4.0
6.976,4.0
54.32,4.0
1983.9679999999998,4.0
96.78399999999999,4.0
2073.248,4.0
5.792000000000001,4.0
7.104,4.0
383.96,4.0
81.36,4.0
69.57600000000001,4.0
10.687999999999999,4.0
9.856,4.0
421.36,4.0
9.996,4.0
31.968000000000004,4.0
7.24,4.0
10.495999999999999,4.0
1035.8,4.0
383.43800000000016,4.0
18.688,4.0
383.84,4.0
17.855999999999995,4.0
6.528,4.0
769.184,4.0
415.968,4.0
389.056,4.0
64.384,4.0
9.983999999999998,4.0
23.712,4.0
5.824,4.0
14.335999999999999,4.0
3.96,4.0
227.136,4.0
1347.136,4.0
2003.168,4.0
4.736000000000001,4.0
195.76,4.0
5.104,4.0
31.12,4.0
350.352,4.0
1.344,4.0
384.944,4.0
88.8,4.0
480.0,4.0
25.248,4.0
3.168,4.0
7.763999999999999,4.0
6.263999999999999,4.0
3.7439999999999998,4.0
6.564,4.0
483.13599999999997,4.0
271.968,4.0
725.3439999999997,4.0
1.7280000000000002,4.0
3.576,4.0
121.376,4.0
70.72,4.0
3.928,4.0
52.352,4.0
203.92,4.0
197.72,4.0
5.343999999999999,4.0
74.592,4.0
999.96,4.0
153.72799999999995,4.0
8.72,4.0
15.88,4.0
10.08,4.0
479.72,4.0
119.96,4.0
156.512,4.0
4.656000000000001,4.0
9.536,4.0
2.16,4.0
67.13600000000001,4.0
14.96,4.0
2.376,4.0
89.568,4.0
170.49200000000005,4.0
409.2,4.0
27.16800000000001,4.0
6.047999999999999,4.0
6.976,4.0
4.928,4.0
48.784,4.0
223.96,4.0
95.984,4.0
11.104000000000001,4.0
199.96,4.0
25.656,4.0
51.184,4.0
195.76,4.0
29.94,4.0
447.84,4.0
396.92,4.0
1145.6,4.0
291.96,4.0
332.832,4.0
210.84,4.0
236.32,4.0
314.6,4.0
108.57600000000001,4.0
291.13599999999997,4.0
933.5360000000001,4.0
725.84,4.0
34.236,4.0
39.936,4.0
1295.84,4.0
16.784000000000002,4.0
439.8,4.0
259.13599999999997,4.0
221.92,4.0
124.60799999999999,4.0
287.968,4.0
403.56,4.0
321.92,4.0
697.16,4.0
320.64,4.0
32.784,4.0
193.0656,4.0
268.57599999999996,4.0
110.376,4.0
13.184000000000001,4.0
12.128,4.0
355.36,4.0
252.0,4.0
1439.9679999999994,4.0
247.71599999999998,4.0
124.404,4.0
394.816,4.0
942.784,4.0
730.2,4.0
65.42399999999999,4.0
393.56800000000004,4.0
13.84,4.0
319.968,4.0
393.24,4.0
209.6,4.0
848.544,4.0
34.24,4.0
1184.72,4.0
512.96,4.0
959.9680000000001,4.0
930.32,4.0
275.24,4.0
399.96,4.0
259.96,4.0
158.376,4.0
2003.168,4.0
1079.976,4.0
156.512,4.0
310.744,4.0
393.56800000000004,4.0
707.1360000000003,4.0
195.136,4.0
158.376,4.0
199.83599999999998,4.0
30.448,4.0
164.736,4.0
523.48,4.0
503.96,4.0
479.96,4.0
683.332,4.0
131.136,4.0
447.968,4.0
1263.5639999999996,4.0
18.336,4.0
1391.4,4.0
963.1360000000001,4.0
323.1359999999999,4.0
579.136,4.0
37.896,4.0
215.544,4.0
145.17600000000004,4.0
591.32,4.0
899.1360000000003,4.0
858.24,4.0
62.88,4.0
783.96,4.0
172.736,4.0
239.96,4.0
11.648,4.0
319.96,4.0
488.01199999999994,4.0
14.015999999999998,4.0
252.8,4.0
43.188,4.0
1669.6,4.0
159.968,4.0
45.24,4.0
63.968,4.0
11.415999999999999,4.0
25.176,4.0
361.92,4.0
704.76,4.0
115.96,4.0
29.904,4.0
263.96,4.0
15.008,4.0
562.744,4.0
411.332,4.0
170.072,4.0
689.408,4.0
18.528,4.0
573.7280000000002,4.0
102.336,4.0
279.96,4.0
259.13599999999997,4.0
524.48,4.0
335.92,4.0
962.08,4.0
36.528,4.0
8.783999999999999,4.0
37.176,4.0
307.13599999999997,4.0
6.744,4.0
635.96,4.0
155.04,4.0
1431.28,4.0
823.6,4.0
162.84799999999996,4.0
568.7280000000002,4.0
526.344,4.0
11.975999999999999,4.0
519.96,4.0
38.24,4.0
163.96,4.0
283.92,4.0
163.96,4.0
376.74,4.0
662.84,4.0
1151.84,4.0
319.968,4.0
283.14,4.0
816.012,4.0
1403.92,4.0
571.44,4.0
599.8,4.0
343.92,4.0
419.13599999999997,4.0
547.92,4.0
61.96,4.0
8.272,4.0
294.368,4.0
399.96,4.0
599.96,4.0
9.36,4.0
821.3,4.0
10.024,4.0
73.568,4.0
519.7919999999999,4.0
102.24,4.0
1352.0320000000004,4.0
169.56799999999996,4.0
207.76,4.0
660.8,4.0
199.96,4.0
26.388,4.0
156.512,4.0
871.4,4.0
79.968,4.0
363.972,4.0
76.77600000000002,4.0
132.224,4.0
703.9680000000003,4.0
21.968000000000004,4.0
241.92,4.0
23.976,4.0
309.57599999999996,4.0
620.24,4.0
19.776,4.0
18.18,4.0
39.980000000000004,4.0
215.544,4.0
17.616,4.0
704.76,4.0
361.92,4.0
259.13599999999997,4.0
561.038,4.0
240.74400000000003,4.0
387.13599999999997,4.0
291.168,4.0
255.76,4.0
419.13599999999997,4.0
283.92,4.0
285.57599999999996,4.0
1040.928,4.0
17.904,4.0
663.936,4.0
751.92,4.0
579.528,4.0
18.192,4.0
95.96799999999999,4.0
220.2656,4.0
1043.92,4.0
37.056,4.0
17.92,4.0
159.92,4.0
255.968,4.0
631.1759999999998,4.0
42.976000000000006,4.0
13.216,4.0
933.262,4.0
1879.96,4.0
79.36,4.0
20.439999999999998,4.0
364.72400000000005,4.0
93.344,4.0
1319.96,4.0
13.36,4.0
603.92,4.0
15.8,4.0
12.575999999999999,4.0
54.368,4.0
23.296,4.0
141.76,4.0
65.08,4.0
23.92,4.0
97.696,4.0
167.968,4.0
61.04,4.0
477.24,4.0
63.488,4.0
63.96,4.0
307.168,4.0
13.376,4.0
19.92,4.0
64.12,4.0
2279.96,4.0
99.13600000000001,4.0
123.13600000000002,4.0
213.92,4.0
194.32,4.0
91.92,4.0
183.92,4.0
86.272,4.0
90.08,4.0
15.52,4.0
14.368,4.0
179.168,4.0
93.24799999999999,4.0
76.92,4.0
10.68,4.0
15.56,4.0
25.12,4.0
15.92,4.0
14.815999999999997,4.0
134.48,4.0
318.08,4.0
41.54800000000001,4.0
231.724,4.0
11.168,4.0
9.984,4.0
2435.136,4.0
1999.96,4.0
263.96,4.0
15.136,4.0
14.32,4.0
13.632,4.0
8.72,4.0
7.92,4.0
151.76,4.0
155.12,4.0
31.52,4.0
114.848,4.0
159.92,4.0
80.96,4.0
479.98800000000006,4.0
247.8,4.0
1439.9679999999994,4.0
123.92,4.0
24.64,4.0
11.808,4.0
39.808,4.0
572.0559999999999,4.0
4476.8,4.0
90.49600000000002,4.0
116.83200000000001,4.0
89.696,4.0
215.296,4.0
406.36800000000005,4.0
39.296,4.0
243.99200000000002,4.0
52.096000000000004,4.0
218.96,4.0
155.76,4.0
252.78400000000002,4.0
30.88,4.0
79.92,4.0
38.272,4.0
21.728,4.0
11.264000000000001,4.0
195.64,4.0
387.13599999999997,4.0
604.768,4.0
19.92,4.0
15.936,4.0
57.56800000000001,4.0
151.72,4.0
13.04,4.0
248.72,4.0
5443.96,4.0
6999.96,4.0
94.6,4.0
84.416,4.0
11.8,4.0
4643.8,4.0
13.12,4.0
24.96,4.0
59.92,4.0
1633.1879999999999,4.0
71.0,4.0
11.36,4.0
60.64,4.0
17.088,4.0
32.896,4.0
31.68,4.0
1088.792,4.0
722.752,4.0
58.72,4.0
25.4,4.0
120.83200000000001,4.0
43.93600000000001,4.0
34.496,4.0
17.215999999999998,4.0
26.16,4.0
7999.98,4.0
27.96,4.0
87.92,4.0
70.368,4.0
11199.968,4.0
22.0,4.0
19.136,4.0
34.92,4.0
13.48,4.0
221.92,4.0
153.28,4.0
307.13599999999997,4.0
12.32,4.0
18.176,4.0
34.912,4.0
153.72799999999995,4.0
25.52,4.0
18.368,4.0
10.815999999999999,4.0
19.56,4.0
11.12,4.0
1071.576,4.0
310.392,4.0
572.783,4.0
62.28,4.0
29.248,4.0
334.88,4.0
943.84,4.0
33.8,4.0
15.8,4.0
59.2,4.0
105.96,4.0
2591.56,4.0
15.424000000000001,4.0
111.04,4.0
31.968000000000004,4.0
159.968,4.0
49.632,4.0
99.23200000000001,4.0
300.768,4.0
14.015999999999998,4.0
83.88,4.0
399.54,4.0
2479.96,4.0
83.13600000000002,4.0
129.92,4.0
116.68,4.0
54.33600000000001,4.0
122.12,4.0
2799.96,4.0
643.136,4.0
11.52,4.0
15.92,4.0
5199.96,4.0
62.96,4.0
23.92,4.0
4355.168,4.0
15.936,4.0
23.76,4.0
8399.976,4.0
1999.96,4.0
328.224,4.0
21.72,4.0
16.896,4.0
79.92,4.0
22.72,4.0
95.96799999999999,4.0
191.968,4.0
39.04,4.0
1101.48,4.0
18.688,4.0
103.92,4.0
89.52,4.0
17.48,4.0
113.92,4.0
11.968,4.0
1158.12,4.0
12.735999999999999,4.0
6.96,4.0
12.192,4.0
27.6,4.0
1759.9679999999994,4.0
19.456,4.0
199.96,4.0
12.735999999999999,4.0
179.96,4.0
575.9680000000002,4.0
12.16,4.0
1335.68,4.0
205.92,4.0
12.192,4.0
70.68,4.0
1199.8,4.0
1919.9679999999998,4.0
15.56,4.0
799.96,4.0
97.264,4.0
136.92,4.0
283.92,4.0
21.936,4.0
459.92,4.0
15.712,4.0
12.12,4.0
15.8,4.0
7.88,4.0
17.12,4.0
333.44,4.0
521.96,4.0
10.44,4.0
54.88,4.0
371.168,4.0
7.24,4.0
1502.376,4.0
1114.272,4.0
29.151999999999997,4.0
15.606,4.0
1116.8,4.0
22.24,4.0
1504.52,4.0
786.7439999999997,4.0
87.8,4.0
12.32,4.0
5.247999999999998,4.0
10.692,4.0
63.92,4.0
621.76,4.0
51.52,4.0
1683.136,4.0
7.8,4.0
30.016,4.0
7.304,4.0
33.536,4.0
1099.96,4.0
1139.92,4.0
126.56,4.0
108.76799999999999,4.0
10.32,4.0
7.92,4.0
7.52,4.0
956.96,4.0
292.1,4.0
119.8,4.0
933.408,4.0
859.2,4.0
691.96,4.0
11.92,4.0
83.56,4.0
8.04,4.0
7.28,4.0
8.544,4.0
171.04,4.0
444.76800000000003,4.0
320.64,4.0
6.976,4.0
36.32,4.0
124.03200000000001,4.0
630.024,4.0
8.72,4.0
1059.12,4.0
277.5,4.0
11.36,4.0
15.424000000000003,4.0
9.36,4.0
283.56,4.0
26.752000000000002,4.0
151.92,4.0
67.13600000000001,4.0
176.04,4.0
113.52,4.0
11.52,4.0
18.688,4.0
1687.8,4.0
19.456,4.0
18.784000000000002,4.0
16.576,4.0
30.016,4.0
482.34,4.0
10.527999999999999,4.0
10.96,4.0
110.52799999999999,4.0
505.176,4.0
1018.1039999999999,4.0
689.408,4.0
486.36800000000005,4.0
63.92,4.0
108.448,4.0
129.92,4.0
18.592,4.0
35.8,4.0
23.84,4.0
19.328,4.0
431.968,4.0
79.92,4.0
13.568,4.0
155.04,4.0
1690.04,4.0
9.248,4.0
307.72400000000005,4.0
11.84,4.0
895.92,4.0
15.936,4.0
7.04,4.0
19.64,4.0
142.04,4.0
18.52,4.0
1279.968,4.0
13.16,4.0
8.72,4.0
139.04,4.0
458.966,4.0
283.92,4.0
10.64,4.0
242.176,4.0
22.32,4.0
91.96,4.0
236.0,4.0
108.76799999999999,4.0
54.33600000000002,4.0
14.432,4.0
117.36,4.0
37.312,4.0
9.856,4.0
10.527999999999999,4.0
2396.2656,4.0
87.92,4.0
11.52,4.0
11.56,4.0
5.92,4.0
151.96,4.0
555.21,5.0
304.9,5.0
1040.8,5.0
464.0,5.0
1133.35,5.0
41.24,5.0
655.9,5.0
1137.75,5.0
892.35,5.0
474.95,5.0
1604.9,5.0
1029.95,5.0
1471.96,5.0
419.9,5.0
9449.95,5.0
979.95,5.0
39.92,5.0
87.92,5.0
1499.95,5.0
904.9,5.0
343.85,5.0
33.45,5.0
622.45,5.0
8749.95,5.0
979.95,5.0
6354.95,5.0
498.0,5.0
1242.9,5.0
1458.65,5.0
175.92,5.0
971.5,5.0
965.85,5.0
42.85,5.0
36.4,5.0
477.3,5.0
523.25,5.0
53.2,5.0
824.95,5.0
29.0,5.0
30.4,5.0
32.75,5.0
1999.96,5.0
849.95,5.0
629.95,5.0
826.0,5.0
1279.165,5.0
319.9,5.0
1323.9,5.0
1424.9,5.0
601.65,5.0
1799.75,5.0
1319.8,5.0
396.92,5.0
1219.96,5.0
1199.96,5.0
807.75,5.0
2399.96,5.0
1454.9,5.0
2254.41,5.0
1394.95,5.0
43.12,5.0
679.96,5.0
1779.9,5.0
769.95,5.0
2079.4,5.0
1649.75,5.0
3404.5,5.0
1146.7060000000001,5.0
41.36,5.0
499.95,5.0
1503.25,5.0
1298.55,5.0
2999.95,5.0
54.5,5.0
2999.95,5.0
52.4,5.0
28.85,5.0
663.92,5.0
1447.65,5.0
390.75,5.0
3999.95,5.0
311.15,5.0
579.95,5.0
2799.96,5.0
1473.1,5.0
1194.165,5.0
1879.96,5.0
88.92,5.0
450.0,5.0
2399.96,5.0
3504.9,5.0
8187.65,5.0
850.5,5.0
1799.97,5.0
1747.25,5.0
149.95,5.0
53.9,5.0
345.0,5.0
511.5,5.0
179.9,5.0
80.3,5.0
419.95799999999997,5.0
397.6,5.0
173.8,5.0
129.92,5.0
81.4,5.0
140.75,5.0
87.6,5.0
144.95,5.0
509.9575,5.0
633.83,5.0
47.4,5.0
371.2,5.0
555.96,5.0
59.96,5.0
83.7,5.0
149.9,5.0
82.4,5.0
166.45,5.0
104.75,5.0
122.12,5.0
94.2,5.0
121.6,5.0
395.0,5.0
140.75,5.0
114.9,5.0
149.95,5.0
84.95,5.0
49.65,5.0
41.7,5.0
114.6,5.0
60.35,5.0
249.95,5.0
424.9575,5.0
155.12,5.0
104.9,5.0
133.12,5.0
74.45,5.0
279.96,5.0
146.45,5.0
687.4,5.0
77.55,5.0
239.8,5.0
99.9,5.0
43.0,5.0
67.9,5.0
203.88,5.0
177.55,5.0
60.6,5.0
141.76,5.0
379.96,5.0
43.7,5.0
539.92,5.0
99.9,5.0
129.45,5.0
183.96,5.0
189.95,5.0
171.96,5.0
101.4,5.0
383.8,5.0
79.95,5.0
64.75,5.0
579.3,5.0
68.95,5.0
57.9,5.0
56.65,5.0
82.56,5.0
91.68,5.0
70.08,5.0
477.15,5.0
219.8,5.0
207.35,5.0
77.6,5.0
86.2,5.0
79.96,5.0
79.92,5.0
56.7,5.0
95.2,5.0
243.88,5.0
248.85,5.0
403.92,5.0
271.96,5.0
139.95,5.0
57.75,5.0
91.6,5.0
75.88,5.0
704.76,5.0
61.0,5.0
62.65,5.0
87.92,5.0
113.52,5.0
87.96,5.0
61.12,5.0
76.3,5.0
179.95,5.0
299.96,5.0
109.9,5.0
101.84,5.0
74.95,5.0
119.96,5.0
84.55,5.0
104.68,5.0
203.92,5.0
599.165,5.0
87.4,5.0
379.5,5.0
132.52,5.0
114.9,5.0
263.96,5.0
105.52,5.0
159.56,5.0
48.4,5.0
109.9,5.0
87.8,5.0
234.95,5.0
99.68,5.0
114.95,5.0
67.0,5.0
65.5,5.0
83.92,5.0
99.95,5.0
45.92,5.0
263.96,5.0
118.65,5.0
269.9,5.0
404.9,5.0
90.0,5.0
214.95,5.0
249.95,5.0
59.24,5.0
345.0,5.0
398.4,5.0
675.96,5.0
239.96,5.0
214.7,5.0
297.55,5.0
1099.96,5.0
35.2,5.0
479.9,5.0
504.9,5.0
37.0,5.0
267.96,5.0
171.55,5.0
33.75,5.0
219.84,5.0
783.96,5.0
239.12,5.0
271.96,5.0
221.92,5.0
36.4,5.0
254.9,5.0
189.7,5.0
152.24,5.0
32.35,5.0
193.8,5.0
469.95,5.0
1166.92,5.0
1158.12,5.0
385.8,5.0
393.25,5.0
479.95,5.0
2154.9,5.0
504.9,5.0
1679.96,5.0
1432.0,5.0
2003.92,5.0
34.75,5.0
831.2,5.0
975.92,5.0
1359.96,5.0
349.95,5.0
912.75,5.0
239.5,5.0
335.72,5.0
400.8,5.0
429.9,5.0
431.16,5.0
249.95,5.0
32.4,5.0
259.7,5.0
43.92,5.0
529.9,5.0
199.9,5.0
152.8,5.0
304.45,5.0
291.1,5.0
214.9,5.0
61.1,5.0
356.85,5.0
754.45,5.0
459.95,5.0
219.9,5.0
226.2,5.0
141.9,5.0
124.75,5.0
204.85,5.0
704.9,5.0
563.24,5.0
49.25,5.0
166.84,5.0
64.9,5.0
47.4,5.0
101.52,5.0
291.96,5.0
720.76,5.0
439.956,5.0
269.91,5.0
41.4,5.0
252.0,5.0
296.85,5.0
204.85,5.0
72.8,5.0
142.4,5.0
167.76,5.0
224.75,5.0
303.25,5.0
48.9,5.0
603.92,5.0
157.9,5.0
215.65,5.0
583.8,5.0
520.05,5.0
286.15,5.0
196.45,5.0
242.9,5.0
152.65,5.0
232.88,5.0
145.85,5.0
279.96,5.0
38.9,5.0
1038.84,5.0
599.97,5.0
152.0,5.0
254.9,5.0
783.96,5.0
157.92,5.0
209.6,5.0
906.68,5.0
339.96,5.0
192.16,5.0
279.95,5.0
149.95,5.0
217.85,5.0
159.96,5.0
135.9,5.0
46.72,5.0
4499.985,5.0
17499.95,5.0
8.4,5.0
24.2,5.0
95.97,5.0
523.92,5.0
21.72,5.0
359.97,5.0
493.43,5.0
1048.35,5.0
11.927999999999999,5.0
6.23,5.0
16.9,5.0
603.92,5.0
387.72,5.0
77.24,5.0
6.47,5.0
127.88,5.0
79.96,5.0
24.85,5.0
22.92,5.0
103.5,5.0
17.48,5.0
11.76,5.0
64.96,5.0
7.52,5.0
18.0,5.0
23.48,5.0
12.03,5.0
24.9,5.0
723.92,5.0
24.32,5.0
17.05,5.0
23.2,5.0
517.405,5.0
364.41,5.0
177.45,5.0
17.45,5.0
27.96,5.0
381.72,5.0
40.98,5.0
12.06,5.0
319.41,5.0
14.75,5.0
23.56,5.0
12.32,5.0
913.43,5.0
16.4,5.0
33.28,5.0
27.9,5.0
29.76,5.0
19.92,5.0
64.4,5.0
18.32,5.0
13.71,5.0
58.17,5.0
14.9,5.0
512.19,5.0
143.96,5.0
23.92,5.0
15.6,5.0
39.144000000000005,5.0
7.92,5.0
16.45,5.0
23.24,5.0
19.56,5.0
20.9,5.0
6.33,5.0
295.4,5.0
15.4,5.0
19.8,5.0
24.7,5.0
81.12,5.0
772.68,5.0
563.43,5.0
243.92,5.0
13.0,5.0
388.43,5.0
33.62,5.0
913.43,5.0
7.12,5.0
299.975,5.0
669.08,5.0
8.76,5.0
11.12,5.0
10.416,5.0
677.58,5.0
139.92,5.0
190.92,5.0
528.43,5.0
552.56,5.0
67.96,5.0
19.4,5.0
232.55,5.0
115.536,5.0
37.2,5.0
67.84,5.0
151.96,5.0
302.45,5.0
79.36,5.0
159.04,5.0
31.56,5.0
29.2,5.0
29.12,5.0
71.12,5.0
70.97,5.0
194.7,5.0
141.42,5.0
67.9,5.0
11.52,5.0
1123.92,5.0
30.84,5.0
19.6,5.0
776.85,5.0
458.43,5.0
454.965,5.0
123.92,5.0
22.55,5.0
454.56,5.0
455.97,5.0
21.3,5.0
30.36,5.0
697.16,5.0
108.4,5.0
17.92,5.0
744.1,5.0
23.92,5.0
7.24,5.0
23.55,5.0
443.92,5.0
23.52,5.0
339.92,5.0
19.56,5.0
883.92,5.0
373.47,5.0
19.0,5.0
11.76,5.0
29.6,5.0
34.2,5.0
9.42,5.0
458.43,5.0
68.81,5.0
1218.735,5.0
12.645,5.0
11.88,5.0
214.95,5.0
5.18,5.0
646.2,5.0
72.6,5.0
19.05,5.0
918.785,5.0
65.44,5.0
29.05,5.0
55.47,5.0
14.9,5.0
5.8,5.0
31.155,5.0
62.04,5.0
10.5,5.0
8.72,5.0
139.96,5.0
49.01,5.0
83.92,5.0
32.07,5.0
29.925,5.0
8.85,5.0
763.28,5.0
966.7,5.0
40.92,5.0
39.72,5.0
28.485,5.0
14.48,5.0
492.835,5.0
10.2,5.0
39.96,5.0
10.9,5.0
2003.92,5.0
58.36,5.0
29.9,5.0
15.92,5.0
7.98,5.0
853.93,5.0
14.76,5.0
244.55,5.0
14.48,5.0
27.768,5.0
421.72400000000005,5.0
8.88,5.0
110.97,5.0
66.96,5.0
14.76,5.0
16.4,5.0
16.74,5.0
33.8,5.0
44.46,5.0
248.43,5.0
41.92,5.0
8.69,5.0
15.72,5.0
213.115,5.0
243.92,5.0
20.32,5.0
10.75,5.0
9.98,5.0
127.92,5.0
11.65,5.0
39.96,5.0
8.0,5.0
10.44,5.0
79.96,5.0
37.52,5.0
43.56,5.0
13.12,5.0
8.8,5.0
91.96,5.0
25.56,5.0
14.9,5.0
30.56,5.0
13.16,5.0
53.92,5.0
16.27,5.0
13.36,5.0
11.98,5.0
13.04,5.0
19.3,5.0
25.92,5.0
8.8,5.0
247.8,5.0
10.64,5.0
81.36,5.0
998.85,5.0
19.75,5.0
15.24,5.0
95.90400000000001,5.0
285.48,5.0
21.88,5.0
307.92,5.0
300.93,5.0
16.9,5.0
51.52,5.0
8.32,5.0
12.3,5.0
17.52,5.0
304.9,5.0
8.72,5.0
45.66,5.0
48.36,5.0
25.16,5.0
18.28,5.0
21.38,5.0
51.465,5.0
12.16,5.0
67.92,5.0
14.45,5.0
676.55,5.0
283.92,5.0
19.92,5.0
30.56,5.0
64.2,5.0
235.92,5.0
195.64,5.0
64.96,5.0
16.52,5.0
88.04,5.0
21.12,5.0
18.16,5.0
64.2,5.0
213.43,5.0
21.99,5.0
68.6,5.0
7.68,5.0
32.656,5.0
13.44,5.0
5.7,5.0
15.66,5.0
17.22,5.0
15.24,5.0
22.32,5.0
9.4,5.0
38.19,5.0
523.92,5.0
14.32,5.0
10.8,5.0
259.92,5.0
33.57,5.0
16.03,5.0
7.52,5.0
13.9,5.0
16.52,5.0
33.480000000000004,5.0
79.4,5.0
6.72,5.0
67.64,5.0
59.97,5.0
17.92,5.0
363.92,5.0
17.96,5.0
18.032,5.0
12.35,5.0
514.165,5.0
1023.332,5.0
124.95,5.0
8.8,5.0
38.08,5.0
36.3,5.0
44.84,5.0
303.92,5.0
961.48,5.0
23.16,5.0
2.88,5.0
760.98,5.0
83.92,5.0
3.98,5.0
419.68,5.0
1022.97,5.0
99.92,5.0
9.555,5.0
32.4,5.0
51.56,5.0
22.75,5.0
377.45,5.0
8.1,5.0
2453.43,5.0
15.88,5.0
6.27,5.0
81.2,5.0
40.24,5.0
7.88,5.0
24.9,5.0
91.92,5.0
22.45,5.0
46.9,5.0
26.9,5.0
31.4,5.0
341.96,5.0
8.4,5.0
14.72,5.0
8.72,5.0
111.96,5.0
2.08,5.0
8.595,5.0
159.75,5.0
8.16,5.0
4.24,5.0
18.84,5.0
1499.97,5.0
9.81,5.0
24.55,5.0
9.96,5.0
364.95,5.0
302.72,5.0
414.9585,5.0
1.68,5.0
13.88,5.0
119.96,5.0
7.5009999999999994,5.0
1345.485,5.0
223.96,5.0
33.4,5.0
447.84,5.0
957.5775,5.0
41.95,5.0
34.76,5.0
39.96,5.0
452.45,5.0
23.85,5.0
36.24,5.0
8.7,5.0
24.3,5.0
22.2,5.0
36.56,5.0
26.7,5.0
64.96,5.0
9.45,5.0
21.4,5.0
181.47,5.0
24.75,5.0
14.85,5.0
1044.63,5.0
1.8,5.0
2.496,5.0
44.4,5.0
352.45,5.0
51.15,5.0
1889.99,5.0
9.345,5.0
294.62,5.0
180.98,5.0
599.985,5.0
801.6,5.0
57.4,5.0
177.98,5.0
1141.47,5.0
304.99,5.0
32.7,5.0
139.8,5.0
104.93,5.0
27.15,5.0
65.52,5.0
125.95799999999998,5.0
31.4,5.0
50.8,5.0
7.38,5.0
54.92,5.0
652.45,5.0
2549.985,5.0
727.45,5.0
1049.97,5.0
174.95,5.0
896.99,5.0
139.96,5.0
551.985,5.0
238.896,6.0
298.116,6.0
665.88,6.0
17.64,6.0
1127.88,6.0
161.376,6.0
209.94,6.0
93.06,6.0
424.116,6.0
30.48,6.0
106.5,6.0
515.88,6.0
12.24,6.0
57.408,6.0
90.24,6.0
5.184,6.0
10.8,6.0
18.288,6.0
175.92,6.0
239.7,6.0
718.998,6.0
90.06,6.0
5381.9400000000005,6.0
215.96400000000003,6.0
88.08,6.0
120.624,6.0
575.94,6.0
34.08,6.0
1137.4560000000004,6.0
373.08,6.0
11.28,6.0
1307.1,6.0
41.76,6.0
316.26,6.0
2252.04,6.0
538.98,6.0
16.752,6.0
281.34,6.0
71.952,6.0
1088.016,6.0
198.78,6.0
191.472,6.0
252.6,6.0
126.624,6.0
204.72,6.0
19.104,6.0
325.632,6.0
16.752,6.0
305.88,6.0
110.352,6.0
159.94799999999995,6.0
1024.7160000000001,6.0
167.952,6.0
37.764,6.0
32.064,6.0
234.36,6.0
34.08,6.0
41.88,6.0
18.528,6.0
194.88,6.0
12.48,6.0
479.952,6.0
29.46,6.0
335.94,6.0
177.50400000000005,6.0
237.56400000000002,6.0
35.04,6.0
59.711999999999996,6.0
155.34,6.0
16.032,6.0
299.94,6.0
44.91,6.0
44.856,6.0
14.112,6.0
84.96,6.0
628.7040000000002,6.0
186.912,6.0
95.23200000000001,6.0
88.80000000000001,6.0
667.1519999999999,6.0
239.952,6.0
50.04,6.0
41.28,6.0
1007.232,6.0
63.552,6.0
556.1279999999999,6.0
89.82,6.0
146.688,6.0
357.60400000000004,6.0
41.256,6.0
179.94,6.0
16.68,6.0
340.704,6.0
96.36,6.0
1979.7,6.0
646.74,6.0
309.528,6.0
1325.76,6.0
51.0,6.0
18.288,6.0
760.1160000000001,6.0
2025.36,6.0
383.64,6.0
89.34,6.0
16.656,6.0
577.5840000000002,6.0
785.88,6.0
18.0,6.0
1256.22,6.0
54.792,6.0
181.14,6.0
532.7040000000002,6.0
335.88,6.0
152.76,6.0
436.704,6.0
364.704,6.0
1227.9984,6.0
387.90000000000003,6.0
19.824,6.0
1718.4,6.0
140.016,6.0
47.663999999999994,6.0
676.08,6.0
17.184,6.0
796.704,6.0
293.52,6.0
119.94,6.0
50.88,6.0
22.464,6.0
17.712,6.0
81.792,6.0
35.088,6.0
71.04,6.0
152.28,6.0
116.1,6.0
3155.88,6.0
299.94,6.0
23.384,6.0
37.872,6.0
39.072,6.0
383.952,6.0
14.16,6.0
80.352,6.0
7.104,6.0
479.952,6.0
17.904,6.0
89.34,6.0
24.78,6.0
32.11199999999999,6.0
119.4,6.0
27.52,6.0
415.69199999999995,6.0
18.42,6.0
62.352,6.0
21.552,6.0
45.023999999999994,6.0
383.64,6.0
542.88,6.0
18.24,6.0
8.856,6.0
82.38,6.0
50.45399999999999,6.0
151.584,6.0
101.7,6.0
164.688,6.0
16.02,6.0
41.88,6.0
342.5759999999999,6.0
414.0,6.0
1675.2,6.0
930.36,6.0
93.06,6.0
208.56,6.0
133.38,6.0
245.94,6.0
298.464,6.0
946.7639999999999,6.0
1439.9520000000002,6.0
17.46,6.0
86.52,6.0
786.33,6.0
31.68,6.0
47.952,6.0
239.92,6.0
43.104,6.0
575.82,6.0
21.791999999999998,6.0
35.088,6.0
73.248,6.0
100.704,6.0
99.696,6.0
186.048,6.0
164.52,6.0
1784.4479999999994,6.0
1805.424,6.0
22.464000000000002,6.0
436.704,6.0
419.94,6.0
96.96,6.0
5.867999999999999,6.0
23.904,6.0
664.1460000000002,6.0
1415.76,6.0
767.952,6.0
251.52,6.0
503.28,6.0
1614.582,6.0
247.10399999999998,6.0
179.7,6.0
23.568,6.0
32.952,6.0
1159.02,6.0
7.434,6.0
47.952,6.0
66.54,6.0
167.952,6.0
129.888,6.0
907.1519999999999,6.0
9.024,6.0
737.94,6.0
254.35199999999992,6.0
259.86,6.0
227.46,6.0
23.616,6.0
26.064,6.0
71.88,6.0
106.68,6.0
22.704,6.0
57.36,6.0
38.016,6.0
26.784000000000002,6.0
17.34,6.0
479.952,6.0
54.192,6.0
4305.552,6.0
68.04,6.0
133.38,6.0
108.336,6.0
17.136,6.0
255.108,6.0
9.648,6.0
95.23200000000001,6.0
196.752,6.0
419.76,6.0
119.04,6.0
1144.32,6.0
275.88,6.0
22638.48,6.0
100.704,6.0
1079.316,6.0
21.552,6.0
185.88,6.0
9.648,6.0
1525.1879999999999,6.0
628.7040000000002,6.0
78.66,6.0
107.42399999999999,6.0
795.408,6.0
289.2,6.0
1676.88,6.0
23.112000000000002,6.0
50.775999999999996,6.0
21.48,6.0
681.84,6.0
14.436,6.0
340.704,6.0
20.22,6.0
22.728,6.0
30.336,6.0
36.498000000000005,6.0
586.398,6.0
373.38,6.0
604.752,6.0
73.68,6.0
31.104,6.0
239.952,6.0
695.16,6.0
545.94,6.0
245.88,6.0
44.856,6.0
25.68,6.0
128.34,6.0
44.64,6.0
172.752,6.0
20.448,6.0
499.95,6.0
17.808,6.0
70.08,6.0
365.88,6.0
373.08,6.0
779.94,6.0
52.272,6.0
125.88,6.0
125.7,6.0
10.475999999999999,6.0
388.70399999999995,6.0
268.704,6.0
64.704,6.0
17.28,6.0
14.304,6.0
21.3,6.0
629.0999999999999,6.0
545.88,6.0
257.64,6.0
354.0,6.0
12.24,6.0
26.07,6.0
92.88,6.0
98.16,6.0
395.94,6.0
125.88,6.0
107.94,6.0
2879.952,6.0
17.712,6.0
89.712,6.0
29.46,6.0
106.08,6.0
485.88,6.0
563.94,6.0
3359.952,6.0
1272.63,6.0
25.44,6.0
87.84,6.0
373.08,6.0
155.88,6.0
159.744,6.0
31.824,6.0
91.39200000000002,6.0
7.6560000000000015,6.0
196.752,6.0
647.904,6.0
51.071999999999996,6.0
40.032,6.0
907.1519999999999,6.0
53.7,6.0
395.94,6.0
179.94,6.0
16.452,6.0
64.02,6.0
59.58,6.0
9.324,6.0
21.42,6.0
101.94,6.0
10.08,6.0
1079.94,6.0
23.136000000000003,6.0
182.112,6.0
27.744,6.0
244.764,6.0
15.504000000000005,6.0
167.292,6.0
7.5360000000000005,6.0
62.1,6.0
20.096,6.0
293.46,6.0
388.704,6.0
60.36,6.0
26.88,6.0
79.248,6.0
755.94,6.0
29.718000000000004,6.0
29.82,6.0
1081.1399999999999,6.0
27.018,6.0
28.854,6.0
28.92,6.0
28.781999999999996,6.0
91.056,6.0
20.04,6.0
18.288,6.0
39.071999999999996,6.0
599.2919999999998,6.0
320.88,6.0
75.55799999999999,6.0
302.4,6.0
41.37600000000001,6.0
18.528,6.0
714.0,6.0
26.256,6.0
509.94,6.0
217.44,6.0
186.144,6.0
6.858,6.0
54.72,6.0
21.240000000000002,6.0
125.88,6.0
106.848,6.0
703.71,6.0
256.116,6.0
119.04,6.0
14.304,6.0
9.648,6.0
12.767999999999999,6.0
539.744,6.0
75.48,6.0
27.78,6.0
592.74,6.0
275.94,6.0
266.304,6.0
31.095999999999997,6.0
259.10400000000004,6.0
119.7,6.0
41.28,6.0
775.7280000000003,6.0
58.44,6.0
13.776,6.0
90.432,6.0
50.24,6.0
764.688,6.0
30.96,6.0
60.672,6.0
1685.88,6.0
327.996,6.0
47.88,6.0
871.008,6.0
140.52,6.0
41.28,6.0
206.112,6.0
227.88,6.0
45.66,6.0
38.88,6.0
1979.6999999999998,6.0
833.94,6.0
170.11199999999997,6.0
3839.952,6.0
479.94,6.0
119.04,6.0
10.56,6.0
383.952,6.0
105.50399999999999,6.0
21.48,6.0
821.94,6.0
785.88,6.0
13.283999999999999,6.0
38.1,6.0
1684.7520000000006,6.0
211.248,6.0
38.82,6.0
20.04,6.0
205.86,6.0
11.34,6.0
76.752,6.0
65.88,6.0
141.9,6.0
20.544,6.0
27.78,6.0
657.5039999999998,6.0
10.607999999999999,6.0
1275.792,6.0
59.94,6.0
1319.9520000000002,6.0
145.764,6.0
55.104,6.0
22.080000000000002,6.0
102.624,6.0
25.824,6.0
25.08,6.0
105.18,6.0
21.48,6.0
773.94,6.0
61.38,6.0
287.952,6.0
657.552,6.0
119.88,6.0
76.752,6.0
934.956,6.0
39.3,6.0
51.264,6.0
119.616,6.0
2395.2,6.0
484.704,6.0
945.0360000000001,6.0
81.36,6.0
5.6160000000000005,6.0
220.704,6.0
71.76,6.0
321.552,6.0
33.0,6.0
663.072,6.0
57.504,6.0
22.704,6.0
146.54399999999995,6.0
460.704,6.0
604.752,6.0
403.68,6.0
365.98800000000006,6.0
46.68,6.0
50.496,6.0
85.2,6.0
275.88,6.0
60.144,6.0
17.28,6.0
23.88,6.0
8.838000000000001,6.0
5.004,6.0
52.092,6.0
23.136,6.0
213.26400000000007,6.0
121.68,6.0
11.28,6.0
62.4,6.0
100.704,6.0
619.1519999999998,6.0
215.76,6.0
35.28,6.0
131.376,6.0
86.352,6.0
132.6,6.0
40.14,6.0
1080.096,6.0
517.3919999999999,6.0
172.704,6.0
645.18,6.0
119.904,6.0
14.112,6.0
199.74,6.0
65.34,6.0
382.116,6.0
58.32,6.0
35.22,6.0
56.28,6.0
266.35200000000003,6.0
263.808,6.0
553.38,6.0
104.58,6.0
791.9639999999997,6.0
180.96,6.0
143.952,6.0
2179.5,6.0
39.071999999999996,6.0
8.736,6.0
19.839999999999996,6.0
236.88,6.0
29.46,6.0
67.26,6.0
73.164,6.0
1803.9,6.0
71.94,6.0
31.68,6.0
208.56,6.0
68.88,6.0
35.88,6.0
132.6,6.0
69.3,6.0
387.9,6.0
73.68,6.0
71.82,6.0
99.072,6.0
101.88,6.0
120.9,6.0
35.1,6.0
28.752,6.0
53.7,6.0
37.68,6.0
103.96799999999999,6.0
665.88,6.0
307.1040000000001,6.0
341.664,6.0
1263.3,6.0
58.943999999999996,6.0
1088.76,6.0
68.04,6.0
128.28,6.0
667.152,6.0
20.664,6.0
81.55199999999999,6.0
25.632,6.0
25.44,6.0
1862.352,6.0
30.48,6.0
73.176,6.0
111.9,6.0
1421.664,6.0
27.744,6.0
99.696,6.0
10.44,6.0
1047.528,6.0
127.764,6.0
54.431999999999995,6.0
49.632,6.0
82.74,6.0
767.952,6.0
2548.56,6.0
38.22,6.0
25.824,6.0
186.048,6.0
9.612,6.0
92.064,6.0
479.952,6.0
54.84,6.0
657.18,6.0
54.66,6.0
2735.952,6.0
227.46,6.0
23.346,6.0
853.092,6.0
2678.94,6.0
2495.28,6.0
8.687999999999999,6.0
575.586,6.0
74.64,6.0
36.48,6.0
185.88,6.0
175.44,6.0
292.272,6.0
2404.7039999999997,6.0
1025.88,6.0
35.712,6.0
1235.952,6.0
991.2,6.0
136.224,6.0
1591.02,6.0
455.97,6.0
38.82,6.0
50.111999999999995,6.0
1396.704,6.0
95.58,6.0
1004.9760000000001,6.0
634.116,6.0
30.576,6.0
14.304,6.0
1348.704,6.0
38.28,6.0
2207.94,6.0
4.752,6.0
758.352,6.0
75.18,6.0
353.88,6.0
663.072,6.0
77.94,6.0
479.94,6.0
173.94,6.0
299.94,6.0
646.74,6.0
298.704,6.0
41.88,6.0
94.08,6.0
202.68,6.0
49.632,6.0
302.4,6.0
1925.88,6.0
436.704,6.0
592.74,6.0
1081.14,6.0
482.94,6.0
158.28,6.0
4228.7040000000015,6.0
41.544,6.0
24.78,6.0
69.21600000000001,6.0
14.82,6.0
73.32,6.0
34.08,6.0
1085.88,6.0
88.8,6.0
215.94,6.0
541.44,6.0
1435.44,6.0
228.36,6.0
471.9,6.0
1088.76,6.0
1805.88,6.0
67.344,6.0
1774.5420000000006,6.0
26.22,6.0
34.08,6.0
210.56400000000002,6.0
23.88,6.0
492.336,6.0
959.952,6.0
115.152,6.0
46.943999999999996,6.0
340.116,6.0
68.49600000000001,6.0
73.67999999999999,6.0
37.008,6.0
130.464,6.0
263.88,6.0
169.68,6.0
545.472,6.0
8.964,6.0
52.32,6.0
2399.952,6.0
10.56,6.0
50.7,6.0
101.94,6.0
517.5,6.0
247.104,6.0
715.86,6.0
675.8879999999999,6.0
31.08,6.0
70.464,6.0
80.58,6.0
208.368,6.0
77.88,6.0
482.88,6.0
254.352,6.0
95.76,6.0
683.7529999999999,6.0
909.72,6.0
605.34,6.0
721.875,6.0
53.88,6.0
605.34,6.0
31.68,6.0
215.94,6.0
7.524,6.0
250.26,6.0
72.0,6.0
217.764,6.0
989.94,6.0
59.1,6.0
1080.096,6.0
1463.9520000000002,6.0
21.552,6.0
1085.88,6.0
605.88,6.0
479.94,6.0
460.75199999999995,6.0
158.94,6.0
155.94,6.0
21.311999999999998,6.0
1718.4,6.0
2404.7039999999997,6.0
15.66,6.0
719.952,6.0
1737.18,6.0
21.984,6.0
617.7,6.0
251.96400000000003,6.0
70.464,6.0
663.072,6.0
229.488,6.0
155.88,6.0
61.760000000000005,6.0
41.56800000000001,6.0
1565.88,6.0
44.1,6.0
335.88,6.0
275.88,6.0
1171.104,6.0
1350.12,6.0
26.88,6.0
474.19199999999995,6.0
2003.52,6.0
106.5,6.0
17.28,6.0
308.88,6.0
4.488,6.0
43.68,6.0
28.08,6.0
60.96,6.0
29.34,6.0
159.024,6.0
120.0,6.0
977.2919999999999,6.0
689.82,6.0
59.4,6.0
41.04,6.0
10.92,6.0
106.08,6.0
42.48,6.0
51.42,6.0
141.9,6.0
959.94,6.0
72.42,6.0
299.94,6.0
6.9239999999999995,6.0
67.86,6.0
487.92,6.0
863.952,6.0
119.94,6.0
43.8,6.0
43.86,6.0
196.752,6.0
155.904,6.0
19.824,6.0
115.38,6.0
1544.94,6.0
37.68,6.0
80.88,6.0
93.48,6.0
112.8,6.0
148.704,6.0
545.88,6.0
77.952,6.0
572.76,6.0
94.2,6.0
23.904,6.0
209.94,6.0
288.24,6.0
288.24,6.0
32.064,6.0
32.064,6.0
51.263999999999996,6.0
31.36,6.0
148.70400000000004,6.0
40.032,6.0
1175.94,6.0
43.68,6.0
119.64000000000001,6.0
13.98,6.0
3785.292,6.0
279.45599999999996,6.0
6.216,6.0
247.92,6.0
87.36,6.0
51.72,6.0
9.408,7.0
106.344,7.0
286.79,7.0
13.02,7.0
15.84,7.0
16.464000000000002,7.0
454.86,7.0
573.174,7.0
132.79,7.0
6.874,7.0
777.21,7.0
68.076,7.0
18.2,7.0
26.18,7.0
25.68,7.0
92.628,7.0
44.688,7.0
109.69,7.0
149.73,7.0
761.544,7.0
135.8,7.0
106.23200000000001,7.0
159.88,7.0
227.36,7.0
169.06400000000005,7.0
197.05,7.0
475.944,7.0
25.76,7.0
122.71,7.0
666.3439999999998,7.0
13.344000000000003,7.0
8.001,7.0
248.57,7.0
90.93,7.0
1007.944,7.0
96.53,7.0
22.288,7.0
5.936,7.0
383.60699999999997,7.0
223.888,7.0
139.58,7.0
55.943999999999996,7.0
108.08,7.0
9.184,7.0
23.128,7.0
12.264000000000001,7.0
16.156,7.0
6.7829999999999995,7.0
5.544,7.0
124.25,7.0
705.544,7.0
262.86400000000003,7.0
264.18,7.0
21.24,7.0
470.155,7.0
127.302,7.0
17.584,7.0
159.768,7.0
115.36,7.0
516.488,7.0
123.088,7.0
6.047999999999999,7.0
537.544,7.0
537.544,7.0
27.384,7.0
18.648,7.0
19.194000000000006,7.0
72.744,7.0
217.05599999999998,7.0
10.415999999999999,7.0
269.36,7.0
12.957,7.0
6.37,7.0
12.544,7.0
146.86,7.0
16.464000000000002,7.0
123.14399999999999,7.0
8.624,7.0
185.528,7.0
188.55200000000002,7.0
18.704,7.0
106.05,7.0
151.62,7.0
1013.488,7.0
139.86,7.0
396.80199999999996,7.0
50.232,7.0
20.86,7.0
1399.944,7.0
131.88,7.0
155.82,7.0
24.471999999999998,7.0
4.368,7.0
755.944,7.0
4.5360000000000005,7.0
12.312000000000001,7.0
10.192,7.0
6.2860000000000005,7.0
1293.488,7.0
2.772,7.0
519.68,7.0
122.92,7.0
286.86,7.0
366.786,7.0
279.944,7.0
106.75,7.0
12.200999999999999,7.0
279.944,7.0
127.904,7.0
76.58,7.0
15.696000000000002,7.0
1153.5439999999999,7.0
265.93,7.0
48.86,7.0
10.08,7.0
8.134,7.0
655.528,7.0
41.958,7.0
115.36,7.0
86.45,7.0
160.93,7.0
173.208,7.0
58.38,7.0
289.8,7.0
27.496,7.0
123.256,7.0
944.93,7.0
20.44,7.0
27.86,7.0
832.93,7.0
37.66,7.0
43.96,7.0
881.93,7.0
509.48800000000006,7.0
27.888,7.0
39.76,7.0
623.4648,7.0
49.56,7.0
41.86,7.0
331.023,7.0
65.17,7.0
881.93,7.0
1004.0239999999999,7.0
1024.38,7.0
53.088,7.0
58.408,7.0
1441.3,7.0
103.50799999999998,7.0
2575.944,7.0
38.29,7.0
48.943999999999996,7.0
36.26,7.0
835.17,7.0
968.7439999999999,7.0
35.56,7.0
21.98,7.0
34.37,7.0
1056.86,7.0
629.93,7.0
51.184,7.0
102.01799999999999,7.0
1266.86,7.0
173.65599999999995,7.0
1091.93,7.0
254.058,7.0
20.23,7.0
94.19200000000001,7.0
602.651,7.0
947.17,7.0
38.71,7.0
62.958,7.0
1049.93,7.0
445.80199999999996,7.0
41.86,7.0
447.86,7.0
43.372,7.0
56.519999999999996,7.0
559.93,7.0
21.336,7.0
340.144,7.0
59.99,7.0
81.438,7.0
21.728,7.0
342.37,7.0
22.96,7.0
347.361,7.0
63.98,7.0
1056.86,7.0
88.074,7.0
48.16,7.0
79.45,7.0
111.88799999999999,7.0
30.0,7.0
442.4,7.0
64.624,7.0
83.79,7.0
452.55,7.0
86.05799999999998,7.0
60.69,7.0
131.6,7.0
795.48,7.0
59.751999999999995,7.0
1575.14,7.0
28.91,7.0
1552.8310000000001,7.0
68.04,7.0
68.432,7.0
1573.4879999999994,7.0
466.158,7.0
73.36,7.0
42.28,7.0
125.064,7.0
895.944,7.0
470.30199999999996,7.0
671.93,7.0
51.01600000000001,7.0
657.93,7.0
699.93,7.0
41.86,7.0
64.68,7.0
887.1030000000003,7.0
130.624,7.0
72.744,7.0
860.93,7.0
18.69,7.0
34.86,7.0
145.54399999999995,7.0
30.87,7.0
2357.488,7.0
41.86,7.0
70.44800000000002,7.0
89.544,7.0
190.28799999999998,7.0
1928.78,7.0
2934.33,7.0
37.464,7.0
25.83,7.0
2939.93,7.0
442.37199999999996,7.0
34.58,7.0
2309.65,7.0
35.56,7.0
1927.59,7.0
1781.682,7.0
58.73,7.0
167.888,7.0
2104.55,7.0
765.625,7.0
25.06,7.0
48.86,7.0
3499.93,7.0
628.81,7.0
65.12,7.0
4899.93,7.0
29.96,7.0
43.176,7.0
9099.93,7.0
4899.93,7.0
3083.43,7.0
3149.93,7.0
3080.0,7.0
1598.058,7.0
2060.744,7.0
4663.736,7.0
2314.116,7.0
2715.93,7.0
1875.2579999999998,7.0
35.448,7.0
4548.81,7.0
652.995,7.0
590.058,7.0
2799.9440000000004,7.0
40.67,7.0
26.25,7.0
158.368,7.0
796.425,7.0
2504.74,7.0
32.368,7.0
1090.782,7.0
48.663999999999994,7.0
34.79,7.0
2036.86,7.0
562.2925,7.0
95.14399999999999,7.0
1245.86,7.0
2519.958,7.0
40.88,7.0
51.01600000000001,7.0
1114.4,7.0
1322.93,7.0
1592.85,7.0
34.86,7.0
47.53,7.0
1115.17,7.0
2973.32,7.0
271.4,7.0
1856.19,7.0
1261.33,7.0
1259.93,7.0
27.888,7.0
733.95,7.0
349.965,7.0
125.944,7.0
23.66,7.0
41.328,7.0
2001.86,7.0
24.85,7.0
54.711999999999996,7.0
1579.746,7.0
29.68,7.0
36.96,7.0
2244.48,7.0
114.52,7.0
1931.9579999999999,7.0
1488.424,7.0
102.13,7.0
33.264,7.0
1526.56,7.0
209.979,7.0
42.784,7.0
33.74,7.0
1586.69,7.0
1516.2,7.0
31.248,7.0
254.74400000000003,7.0
60.34,7.0
47.208,7.0
56.98,7.0
43.19,7.0
35.784,7.0
310.688,7.0
97.3,7.0
344.981,7.0
98.21,7.0
550.942,7.0
63.77,7.0
381.36,7.0
1212.848,7.0
62.65,7.0
221.06,7.0
45.583999999999996,7.0
274.064,7.0
213.08,7.0
15.26,7.0
148.28799999999995,7.0
30.82800000000001,7.0
44.688,7.0
384.17400000000004,7.0
30.345,7.0
356.79,7.0
60.83,7.0
334.76800000000014,7.0
11.2,7.0
104.23,7.0
20.664,7.0
47.32,7.0
232.96,7.0
67.14399999999999,7.0
242.48,7.0
139.944,7.0
52.136,7.0
313.488,7.0
84.056,7.0
41.72,7.0
12.74,7.0
81.08800000000002,7.0
251.58,7.0
255.85,7.0
39.879,7.0
369.54400000000004,7.0
307.776,7.0
892.1360000000003,7.0
55.86,7.0
178.92,7.0
128.744,7.0
399.95,7.0
16.688,7.0
248.08,7.0
348.208,7.0
1125.488,7.0
12.222000000000001,7.0
1739.942,7.0
100.94,7.0
22.288,7.0
12.18,7.0
251.94400000000002,7.0
11.228,7.0
43.512,7.0
111.93,7.0
72.45,7.0
70.98,7.0
86.856,7.0
139.93,7.0
32.76,7.0
22.910999999999998,7.0
10.527999999999999,7.0
125.93,7.0
47.992,7.0
22.638,7.0
40.711999999999996,7.0
46.872,7.0
15.47,7.0
243.99200000000002,7.0
1212.96,7.0
31.991999999999994,7.0
272.048,7.0
18.06,7.0
196.21,7.0
85.23200000000001,7.0
20.240000000000002,7.0
60.983999999999995,7.0
12.67,7.0
862.3439999999997,7.0
435.26,7.0
475.944,7.0
69.93,7.0
629.9580000000002,7.0
68.46,7.0
21.21,7.0
268.24,7.0
110.11,7.0
273.89599999999996,7.0
69.93,7.0
209.93,7.0
1474.8020000000001,7.0
369.54400000000004,7.0
405.86,7.0
638.288,7.0
139.86,7.0
1196.86,7.0
40.635,7.0
29.932,7.0
83.72,7.0
19.096,7.0
22.75,7.0
22.386,7.0
666.4,7.0
222.32,7.0
85.96,7.0
498.26,7.0
213.136,7.0
47.18,7.0
289.24,7.0
59.913000000000004,7.0
50.96,7.0
999.432,7.0
64.848,7.0
1097.5439999999999,7.0
426.79,7.0
68.46,7.0
14.28,7.0
15.26,7.0
56.07,7.0
863.128,7.0
69.888,7.0
74.76,7.0
496.86,7.0
348.48800000000006,7.0
29.372,7.0
418.32,7.0
61.544,7.0
63.924,7.0
87.08,7.0
66.36,7.0
1406.86,7.0
21.56,7.0
116.31200000000001,7.0
14.07,7.0
1478.2720000000006,8.0
1212.96,8.0
1599.92,8.0
28.752,8.0
3375.6,8.0
614.2719999999998,8.0
211.04,8.0
1031.92,8.0
415.87199999999996,8.0
478.08,8.0
341.48800000000006,8.0
220.752,8.0
44.848,8.0
12.864,8.0
1254.336,8.0
647.84,8.0
2022.2720000000002,8.0
834.6016,8.0
2807.84,8.0
1951.84,8.0
1379.92,8.0
3393.68,8.0
2399.6,8.0
1094.272,8.0
1252.704,8.0
335.936,8.0
262.336,8.0
2625.12,8.0
49.792,8.0
3406.664,8.0
383.2,8.0
1595.888,8.0
26.184,8.0
33.568000000000005,8.0
482.664,8.0
3040.0,8.0
463.24800000000016,8.0
8896.93,8.0
8159.9519999999975,8.0
20.855999999999998,8.0
44.672,8.0
20.768,8.0
30.96,8.0
1347.52,8.0
601.536,8.0
742.336,8.0
20.232,8.0
2177.584,8.0
26.351999999999997,8.0
812.7360000000001,8.0
13.392000000000001,8.0
153.55200000000005,8.0
183.84,8.0
527.92,8.0
2567.84,8.0
303.84,8.0
2405.2,8.0
1421.664,8.0
1440.128,8.0
160.0,8.0
637.44,8.0
287.92,8.0
327.84,8.0
1107.136,8.0
355.07199999999995,8.0
198.27200000000002,8.0
1231.92,8.0
24.351999999999997,8.0
870.336,8.0
1292.4,8.0
15.312000000000003,8.0
1049.44,8.0
2430.08,8.0
13.272,8.0
748.752,8.0
385.6,8.0
1451.68,8.0
1367.84,8.0
221.05599999999998,8.0
518.2719999999998,8.0
1113.024,8.0
727.296,8.0
582.336,8.0
390.272,8.0
36.624,8.0
18.432000000000002,8.0
1263.92,8.0
447.84,8.0
842.72,8.0
1924.16,8.0
889.5360000000003,8.0
2563.056,8.0
1207.84,8.0
588.736,8.0
11.808,8.0
2054.272,8.0
51.711999999999996,8.0
1800.16,8.0
2239.936,8.0
255.68,8.0
2182.3360000000002,8.0
1732.8,8.0
375.52,8.0
629.184,8.0
11.232000000000001,8.0
478.24,8.0
257.488,8.0
733.488,8.0
1126.8,8.0
198.27200000000002,8.0
845.488,8.0
211.84,8.0
319.92,8.0
511.84,8.0
1744.64,8.0
2137.3500000000004,8.0
863.128,8.0
247.84,8.0
688.7439999999999,8.0
1215.92,8.0
836.592,8.0
646.2719999999998,8.0
1439.92,8.0
1023.936,8.0
300.416,8.0
390.272,8.0
3206.272,8.0
287.52,8.0
720.0,8.0
29.311999999999998,8.0
786.48,8.0
299.6,8.0
831.936,8.0
1767.68,8.0
398.352,8.0
273.92,8.0
319.6,8.0
8.607999999999999,8.0
242.352,8.0
36.624,8.0
239.84,8.0
445.44,8.0
4158.912,8.0
679.92,8.0
1545.36,8.0
76.176,8.0
19.008,8.0
414.0,8.0
439.68,8.0
559.92,8.0
60.288000000000004,8.0
1213.5960000000002,8.0
454.272,8.0
876.672,8.0
313.024,8.0
348.56,8.0
1087.9360000000001,8.0
132.224,8.0
9.552,8.0
1830.2720000000002,8.0
5.728,8.0
1007.92,8.0
247.44,8.0
87.16799999999998,8.0
235.15200000000002,8.0
53.952,8.0
127.76,8.0
127.76400000000001,8.0
23.616,8.0
87.28,8.0
133.92,8.0
12.672,8.0
18.64,8.0
140.24,8.0
43.04,8.0
327.92,8.0
1127.616,8.0
34.24,8.0
43.44,8.0
91.84,8.0
22.24,8.0
37.376,8.0
90.64,8.0
45.84,8.0
23.04,8.0
50.4,8.0
176.8,8.0
46.96,8.0
101.12,8.0
23.04,8.0
60.736000000000004,8.0
718.64,8.0
380.86400000000003,8.0
90.72,8.0
163.84,8.0
876.7360000000001,8.0
45.44,8.0
47.36,8.0
155.2,8.0
35.28,8.0
31.212,8.0
20.991999999999997,8.0
26.432,8.0
389.69599999999997,8.0
135.93200000000002,8.0
55.93600000000001,8.0
113.6,8.0
909.12,8.0
88.8,8.0
63.84,8.0
422.336,8.0
39.84,8.0
36.4,8.0
19.712,8.0
763.44,8.0
75.04,8.0
91.84,8.0
36.992,8.0
821.252,8.0
145.408,8.0
9.92,8.0
69.92,8.0
24.32,8.0
70.336,8.0
182.72,8.0
196.21,8.0
14.08,8.0
127.92,8.0
35.711999999999996,8.0
198.27200000000002,8.0
29.2,8.0
27.392,8.0
74.16,8.0
39.28,8.0
423.92,8.0
87.84,8.0
76.608,8.0
158.72,8.0
14.272,8.0
1082.48,8.0
23.12,8.0
63.68,8.0
62.24,8.0
647.84,8.0
55.8,8.0
30.464000000000002,8.0
63.93600000000001,8.0
32.0,8.0
11.84,8.0
242.62400000000002,8.0
59.808,8.0
67.2,8.0
107.44,8.0
71.6,8.0
15.808,8.0
632.0,8.0
83.84,8.0
39.84,8.0
34.96,8.0
91.39200000000001,8.0
30.976,8.0
55.61600000000001,8.0
48.896,8.0
96.256,8.0
62.24,8.0
44.736000000000004,8.0
161.92,8.0
116.0,8.0
315.776,8.0
255.93599999999998,8.0
313.216,8.0
203.932,8.0
120.57600000000001,8.0
90.32,8.0
84.96799999999999,8.0
18.496,8.0
75.616,8.0
37.128,8.0
18.624000000000002,8.0
26.496,8.0
51.84,8.0
166.16,8.0
489.536,8.0
129.72799999999998,8.0
811.28,8.0
42.24,8.0
239.92,8.0
75.04,8.0
23.84,8.0
135.6,8.0
90.8,8.0
123.584,8.0
167.84,8.0
21.92,8.0
11.264000000000001,8.0
95.68,8.0
18.432000000000002,8.0
17.84,8.0
23.68,8.0
319.92,8.0
33.04,8.0
77.92,8.0
95.92,8.0
26.24,8.0
25.2,8.0
33.04,8.0
215.92799999999997,8.0
391.28,8.0
21.36,8.0
37.376,8.0
59.04,8.0
389.69599999999997,8.0
87.2,8.0
103.12,8.0
89.44,8.0
39.76,8.0
439.68,8.0
102.336,8.0
88.96,8.0
63.84,8.0
5.412,8.0
34.24,8.0
24.64,8.0
38.08,8.0
593.92,8.0
33.04,8.0
443.84,8.0
61.12,8.0
263.9,8.0
135.0,8.0
244.24,8.0
115.84,8.0
1082.48,8.0
93.376,8.0
30.096,8.0
77.92200000000001,8.0
225.2,8.0
46.72,8.0
26.688000000000002,8.0
10.032,8.0
87.84,8.0
140.736,8.0
265.04,8.0
55.84,8.0
422.336,8.0
201.04,8.0
36.352,8.0
72.88,8.0
33.792,8.0
70.0,8.0
109.84,8.0
66.72,8.0
543.932,8.0
30.528000000000002,8.0
31.872,8.0
74.112,8.0
71.6,8.0
115.13600000000001,8.0
33.92,8.0
134.27200000000002,8.0
17.792,8.0
116.4,8.0
20.07,8.0
46.24,8.0
887.84,8.0
62.592,8.0
45.056000000000004,8.0
140.736,8.0
94.72,8.0
55.872,8.0
79.92,8.0
7.487999999999999,8.0
822.664,8.0
125.36,8.0
243.584,8.0
34.24,8.0
58.31999999999999,8.0
39.84,8.0
442.32,8.0
144.0,8.0
23.04,8.0
135.6,8.0
167.84,8.0
146.17600000000004,8.0
150.66,9.0
172.036,9.0
56.519999999999996,9.0
57.888,9.0
1548.99,9.0
1169.91,9.0
56.7,9.0
523.26,9.0
78.624,9.0
1313.5500000000002,9.0
187.05599999999998,9.0
140.322,9.0
18.864,9.0
497.61,9.0
71.928,9.0
84.624,9.0
440.91,9.0
269.90999999999997,9.0
1352.3976,9.0
52.416000000000004,9.0
150.408,9.0
1106.91,9.0
274.77,9.0
1626.192,9.0
278.82,9.0
907.3500000000001,9.0
93.15,9.0
2573.82,9.0
35.82,9.0
79.056,9.0
1188.0,9.0
475.12800000000004,9.0
629.64,9.0
295.056,9.0
431.13599999999997,9.0
33.21,9.0
48.467999999999996,9.0
35.856,9.0
255.42,9.0
367.05600000000004,9.0
32.58,9.0
1740.06,9.0
28.35,9.0
312.552,9.0
62.82,9.0
1013.832,9.0
998.82,9.0
135.0,9.0
5399.91,9.0
65.79,9.0
29.61,9.0
355.32,9.0
35.352,9.0
143.928,9.0
26.55,9.0
863.64,9.0
590.328,9.0
168.62400000000005,9.0
57.42,9.0
73.008,9.0
2518.29,9.0
1349.91,9.0
45.36,9.0
38.519999999999996,9.0
4416.174,9.0
545.85,9.0
26.46,9.0
38.52,9.0
130.536,9.0
52.416000000000004,9.0
43.26,9.0
978.84,9.0
136.26,9.0
26.01,9.0
287.90399999999994,9.0
2793.528,9.0
614.88,9.0
314.54999999999995,9.0
206.54399999999998,9.0
19.89,9.0
53.82,9.0
382.806,9.0
299.61,9.0
604.656,9.0
511.056,9.0
75.33,9.0
1115.91,9.0
158.04,9.0
127.80000000000001,9.0
467.46,9.0
32.13,9.0
638.82,9.0
99.846,9.0
1931.04,9.0
28.8,9.0
77.58,9.0
65.78999999999999,9.0
2887.0559999999996,9.0
1568.61,9.0
52.29,9.0
83.78999999999999,9.0
37.17,9.0
189.93599999999998,9.0
94.67999999999999,9.0
1077.1740000000002,9.0
638.82,9.0
1071.0,9.0
136.584,9.0
440.19,9.0
885.528,9.0
799.56,9.0
680.232,9.0
164.448,9.0
1628.82,9.0
58.464,9.0
646.776,9.0
38.52,9.0
2665.62,9.0
1268.82,9.0
2676.672,9.0
92.52,9.0
908.82,9.0
3023.928,9.0
151.05599999999998,9.0
1395.54,9.0
40.41,9.0
95.16,9.0
104.58,9.0
825.174,9.0
26.424,9.0
287.82,9.0
38.16,9.0
38.52,9.0
464.292,9.0
386.91,9.0
42.93,9.0
91.008,9.0
485.82,9.0
1496.16,9.0
348.84,9.0
143.64,9.0
1522.638,9.0
44.19,9.0
24.048000000000002,9.0
318.96,9.0
896.328,9.0
299.52,9.0
186.93,9.0
1979.9279999999999,9.0
815.2919999999997,9.0
332.028,9.0
60.048,9.0
47.52,9.0
20.808000000000003,9.0
1913.4,9.0
68.742,9.0
728.946,9.0
1889.9460000000001,9.0
1141.938,9.0
52.2,9.0
67.536,9.0
490.32,9.0
1633.14,9.0
546.66,9.0
90.896,9.0
1606.23,9.0
48.69,9.0
48.87,9.0
21.456,9.0
27.396,9.0
559.62,9.0
78.759,9.0
44.82,9.0
75.09599999999999,9.0
1628.82,9.0
638.73,9.0
23.688000000000002,9.0
1439.91,9.0
47.52,9.0
46.62,9.0
56.52,9.0
45.0,9.0
383.85,9.0
899.91,9.0
60.12,9.0
151.056,9.0
38.34,9.0
1454.49,9.0
21.24,9.0
39.582,9.0
77.031,9.0
250.27200000000002,9.0
43.056000000000004,9.0
16.38,9.0
899.91,9.0
2348.82,9.0
717.12,9.0
1267.65,9.0
449.91,9.0
377.92800000000005,9.0
383.60699999999997,9.0
49.056,9.0
161.82,9.0
120.15,9.0
122.32799999999999,9.0
75.06,9.0
271.44,9.0
17.496,9.0
107.42399999999999,9.0
386.54999999999995,9.0
124.11,9.0
584.82,9.0
951.174,9.0
53.82000000000001,9.0
53.66400000000001,9.0
12.672,9.0
1123.128,9.0
35.856,9.0
1411.128,9.0
71.28,9.0
5.364,9.0
137.25,9.0
28.44,9.0
211.96,9.0
109.8,9.0
554.2560000000001,9.0
345.88800000000003,9.0
647.928,9.0
75.384,9.0
20.4,9.0
148.32,9.0
16.146,9.0
35.856,9.0
23.1,9.0
153.36,9.0
309.45599999999996,9.0
23.04,9.0
133.2,9.0
115.02,9.0
113.32799999999999,9.0
503.82,9.0
179.82,9.0
1801.674,9.0
31.488,9.0
432.36,9.0
237.49200000000002,9.0
447.93,9.0
440.18999999999994,9.0
12.132,9.0
647.73,9.0
98.46,9.0
13.832,9.0
134.01,9.0
181.35,9.0
1044.624,9.0
35.352000000000004,9.0
149.54399999999995,9.0
69.12,9.0
863.928,9.0
719.91,9.0
539.91,9.0
8.856,9.0
11.394,9.0
74.52,9.0
494.64,9.0
538.92,9.0
11.645999999999999,9.0
1115.91,9.0
440.076,9.0
1706.184,9.0
269.90999999999997,9.0
29.736000000000004,9.0
32.849999999999994,9.0
30.816000000000003,9.0
14.687999999999999,9.0
122.68799999999999,9.0
237.42000000000002,9.0
44.730000000000004,9.0
249.75,9.0
143.73,9.0
93.15,9.0
496.79999999999995,9.0
13.14,9.0
117.14399999999999,9.0
85.28,9.0
917.9235,9.0
282.888,9.0
205.56,9.0
196.07999999999998,9.0
287.928,9.0
135.09,9.0
1159.056,9.0
37.26,9.0
94.68,9.0
19.727999999999998,9.0
815.864,9.0
6.642,9.0
7.506,9.0
1619.91,9.0
14.112,9.0
16.02,9.0
1297.368,9.0
558.762,9.0
20.016,9.0
82.656,9.0
668.16,9.0
23.94,9.0
464.85,9.0
3.24,9.0
35.8,10.0
1513.6,10.0
143.92,10.0
270.6,10.0
42.72,10.0
1315.86,10.0
115.5,10.0
2293.4120000000003,10.0
239.96,10.0
354.4,10.0
236.5,10.0
49.632000000000005,10.0
22.0,10.0
336.2,10.0
222.3,10.0
599.9,10.0
1448.82,10.0
41.76,10.0
229.9,10.0
50.8,10.0
2974.08,10.0
391.92,10.0
26.24,10.0
1428.6,10.0
42.8,10.0
799.9,10.0
25.912,10.0
55.92,10.0
59.9,10.0
29.8,10.0
32.06,10.0
33.44,10.0
156.7,10.0
679.92,10.0
134.3,10.0
32.34,10.0
39.36,10.0
31.4,10.0
58.48,10.0
21.5,10.0
126.4,10.0
8328.1,10.0
36.9,10.0
338.9,10.0
64.6,10.0
148.0,10.0
83.9,10.0
35.8,10.0
399.8,10.0
146.4,10.0
274.48,10.0
464.8,10.0
51.84,10.0
99.3,10.0
41.472,10.0
1798.86,10.0
290.768,10.0
636.86,10.0
718.64,10.0
309.8,10.0
48.2,10.0
1259.9,10.0
295.84,10.0
159.84,10.0
50.64,10.0
150.67200000000003,10.0
25.2,10.0
349.9,10.0
80.4,10.0
199.8,10.0
317.8,10.0
799.92,10.0
983.1,10.0
51.84,10.0
781.8639999999997,10.0
379.4,10.0
51.099999999999994,10.0
1259.9,10.0
16.64,10.0
72.8,10.0
282.8,10.0
46.24,10.0
134.8,10.0
299.9,10.0
56.8,10.0
767.92,10.0
19.89,10.0
247.84,10.0
1959.9,10.0
139.0,10.0
902.3059999999999,10.0
898.3,10.0
79.8,10.0
16.08,10.0
399.9,10.0
2098.4,10.0
649.8,10.0
2807.84,10.0
92.7,10.0
1247.92,10.0
32.8,10.0
1198.33,10.0
155.1,10.0
39.84,10.0
354.45,10.0
2396.4,10.0
28.799999999999997,10.0
157.2,10.0
29.52,10.0
56.8,10.0
36.9,10.0
31.84,10.0
69.536,10.0
891.92,10.0
567.12,10.0
412.2,10.0
3299.9,10.0
189.7,10.0
1178.82,10.0
81.4,10.0
125.3,10.0
274.2,10.0
33.44,10.0
95.92,10.0
58.8,10.0
50.6,10.0
49.8,10.0
119.94,10.0
399.9,10.0
36.576,10.0
463.84,10.0
109.8,10.0
29.4,10.0
509.97,10.0
3.96,10.0
709.8,10.0
26.1,10.0
11.06,10.0
236.5,10.0
104.8,10.0
3281.4,10.0
813.2,10.0
112.9,10.0
258.9,10.0
87.2,10.0
327.92,10.0
1328.6239999999998,10.0
32.8,10.0
49.1,10.0
190.2,10.0
209.5,10.0
83.44,10.0
92.8,10.0
14.46,10.0
158.24,10.0
307.84000000000003,10.0
239.6,10.0
67.8,10.0
11.94,10.0
1247.92,10.0
9.724,10.0
51.8,10.0
291.8,10.0
127.8,10.0
1052.9,10.0
843.4480000000002,10.0
122.8,10.0
165.9,10.0
399.5,10.0
299.9,10.0
57.8,10.0
31.32,10.0
1190.0,10.0
5599.92,10.0
167.84,10.0
68.64,10.0
69.4,10.0
69.9,10.0
1619.91,10.0
554.8,10.0
1408.1,10.0
21.8,10.0
21.56,10.0
2727.92,10.0
284.08,10.0
53.4,10.0
1408.5,10.0
134.8,10.0
67.8,10.0
111.84,10.0
48.2,10.0
1113.33,10.0
1647.92,10.0
103.1,10.0
347.884,10.0
1016.232,10.0
799.9200000000001,10.0
106.8,10.0
107.44,10.0
1099.5,10.0
11.22,10.0
2275.5,10.0
179.9,10.0
86.2,10.0
549.6,10.0
27.8,10.0
188.4,10.0
68.8,10.0
143.92,10.0
27.8,10.0
876.3,10.0
360.712,11.0
113.68,11.0
153.78,11.0
470.36,11.0
68.541,11.0
192.72,11.0
1704.89,11.0
157.74,11.0
153.82399999999996,11.0
174.592,11.0
384.45,11.0
563.024,11.0
692.472,11.0
477.51,11.0
63.47,11.0
45.583999999999996,11.0
20.16,11.0
474.43,11.0
220.70399999999998,11.0
175.23,11.0
207.24,11.0
515.0699999999999,11.0
234.38400000000001,11.0
60.8,11.0
31.504,11.0
2621.322,11.0
281.42400000000004,11.0
15.488000000000001,11.0
52.272,11.0
204.6,11.0
2888.127,11.0
1979.89,11.0
71.632,11.0
68.64,11.0
49.5,11.0
274.89,11.0
95.33999999999999,11.0
65.78,11.0
369.16,11.0
423.28,11.0
55.44,11.0
31.504,11.0
1643.76,12.0
2739.528,12.0
32.064,12.0
574.8,12.0
50.688,12.0
383.76,12.0
162.96,12.0
51.36,12.0
43.583999999999996,12.0
1079.928,12.0
68.16,12.0
61.92,12.0
205.8,12.0
29.52,12.0
35.76,12.0
47.808,12.0
71.76,12.0
1379.64,12.0
62.208,12.0
15.12,12.0
119.76,12.0
39.0,12.0
69.36,12.0
245.76,12.0
83.80799999999999,12.0
371.76,12.0
91.83999999999999,12.0
263.76,12.0
74.88,12.0
146.52,12.0
31.488000000000003,12.0
227.24,12.0
14.255999999999998,12.0
453.12,12.0
83.76,12.0
227.88,12.0
51.648,12.0
287.904,12.0
1190.76,12.0
1443.96,12.0
465.12,12.0
35.424,12.0
93.36,12.0
25.055999999999997,12.0
25.056,12.0
359.88,12.0
172.608,12.0
297.408,12.0
2065.32,12.0
1871.88,12.0
90.432,12.0
98.688,12.0
45.0,12.0
31.692,12.0
60.995999999999995,12.0
59.808,12.0
1673.184,12.0
586.92,12.0
576.48,12.0
82.656,12.0
690.0,12.0
287.52,12.0
64.128,12.0
340.224,12.0
47.519999999999996,12.0
1443.96,12.0
40.392,12.0
71.76,12.0
1113.504,12.0
57.408,12.0
77.408,12.0
371.76,12.0
176.276,12.0
50.688,12.0
20.86,12.0
364.8,12.0
42.120000000000005,12.0
1006.56,12.0
49.56,12.0
2141.64,12.0
58.368,12.0
39.36,12.0
47.135999999999996,12.0
91.67999999999999,12.0
47.76,12.0
33.456,12.0
1145.16,12.0
34.56,12.0
51.36000000000001,12.0
274.08,12.0
300.0,12.0
1258.2,12.0
355.1040000000001,12.0
41.088,12.0
125.76,12.0
55.488,12.0
425.28,12.0
134.64,12.0
4709.212,12.0
58.367999999999995,12.0
105.024,12.0
65.47200000000001,12.0
937.8,12.0
1180.704,12.0
24.192,12.0
167.28,12.0
80.28,12.0
60.96,12.0
921.12,12.0
971.76,12.0
51.36,12.0
3610.848,12.0
70.68,12.0
64.584,12.0
435.84,12.0
1209.504,12.0
31.32,12.0
709.92,12.0
371.76,12.0
526.64,12.0
371.16,12.0
141.12,12.0
1688.2320000000002,12.0
62.784,12.0
2651.52,12.0
1704.56,13.0
154.69000000000003,13.0
100.89,13.0
36.024,13.0
500.24,13.0
121.68,13.0
1618.37,13.0
845.7280000000003,13.0
259.74,13.0
62.192,13.0
30.991999999999997,13.0
162.89,13.0
1336.829,13.0
322.192,13.0
547.3,13.0
296.712,13.0
61.776,13.0
3347.37,13.0
13.468,13.0
62.29600000000001,13.0
64.74,13.0
213.40800000000002,13.0
222.352,13.0
65.37599999999999,13.0
9892.74,13.0
1376.152,13.0
90.608,13.0
166.92,13.0
4297.644,13.0
272.61,13.0
38.92,14.0
295.45599999999996,14.0
792.856,14.0
57.599999999999994,14.0
36.176,14.0
279.86,14.0
190.26,14.0
108.92,14.0
13.748,14.0
44.1,14.0
57.82,14.0
1119.888,14.0
66.22,14.0
1913.3296,14.0
79.6,14.0
74.816,14.0
223.88800000000003,14.0
66.976,14.0
209.58,14.0
895.888,14.0
100.24,14.0
1702.12,14.0
171.92,14.0
115.92,14.0
573.86,14.0
1892.6879999999999,14.0
839.888,14.0
2799.86,14.0
268.544,14.0
181.72,14.0
80.92,14.0
401.968,14.0
223.58,14.0
46.704,14.0
207.2,14.0
8.316,14.0
37.38,14.0
40.096,14.0
1075.088,14.0
1336.44,14.0
151.976,14.0
38.38800000000001,14.0
279.86,14.0
363.72,14.0
695.6039999999999,14.0
21.168000000000003,14.0
33.264,14.0
48.24,14.0
54.992,14.0
319.76,14.0
545.9159999999998,14.0
93.52,14.0
1819.86,14.0
317.856,14.0
408.47999999999996,14.0
70.336,14.0
43.12,14.0
2000.04,14.0
270.34,14.0
724.08,14.0
437.472,14.0
234.976,14.0
37.808,14.0
330.048,14.0
53.983999999999995,14.0
531.72,14.0
171.92,14.0
85.23200000000001,14.0
767.2139999999997,14.0
459.088,14.0
427.644,14.0
64.96,14.0
160.72,14.0
80.92,14.0
1413.72,14.0
223.58,14.0
28.601999999999997,14.0
54.208,14.0
427.42,14.0
383.936,14.0
192.22,14.0
799.3439999999999,14.0
895.72,14.0
70.0,14.0
119.34,14.0
29.951999999999998,15.0
299.7,15.0
134.25,15.0
17.145,15.0
382.95,15.0
239.76,15.0
1859.8500000000001,15.0
734.0999999999999,15.0
3862.3500000000004,15.0
3977.5499999999997,15.0
61.95,15.0
516.465,15.0
89.69999999999999,15.0
34.56,15.0
106.19999999999999,15.0
80.16,15.0
108.9,15.0
614.85,15.0
61.949999999999996,15.0
542.88,15.0
89.4,15.0
1872.152,15.0
56.25,15.0
274.08,15.0
1258.1999999999998,15.0
152.88,15.0
44.099999999999994,15.0
839.6999999999999,15.0
59.699999999999996,15.0
2687.7599999999998,15.0
79.19999999999999,15.0
1214.7,15.0
49.56,15.0
531.5999999999999,15.0
152.82,15.0
39.35999999999999,15.0
132.0,15.0
100.19999999999999,15.0
101.84400000000001,15.0
33.15,15.0
614.8499999999999,15.0
155.25,15.0
134.25,15.0
895.68,16.0
4471.68,16.0
94.24,16.0
165.6,16.0
103.36000000000001,16.0
303.52,16.0
54.784000000000006,16.0
655.52,16.0
95.68,16.0
99.86399999999999,16.0
239.232,16.0
122.24000000000001,16.0
103.008,16.0
5627.866,16.0
100.84800000000001,16.0
1087.84,16.0
106.88,16.0
93.28800000000001,17.0
56.279999999999994,17.0
97.2,17.0
1887.3000000000002,18.0
5404.896000000001,18.0
76.03200000000001,18.0
107.64000000000001,18.0
55.44,18.0
277.56,18.0
287.712,18.0
120.24,18.0
89.64,18.0
145.8,18.0
116.64000000000006,18.0
503.82,18.0
120.23999999999998,18.0
59.040000000000006,18.0
225.54000000000002,18.0
47.62800000000001,18.0
223.34400000000002,18.0
610.02,18.0
1814.2559999999999,18.0
1814.2559999999999,18.0
4499.82,18.0
688.4639999999999,18.0
201.3,18.0
863.8560000000001,18.0
44.928,18.0
363.312,18.0
93.31199999999998,18.0
998.6400000000001,18.0
55.69199999999999,19.0
1375.828,19.0
79.68,20.0
978.2,20.0
456.8,20.0
200.48,20.0
1348.62,20.0
63.0,20.0
146.20000000000002,20.0
48.38400000000001,20.0
129.60000000000005,20.0
105.6,20.0
379.4,20.0
85.6,20.0
396.8,20.0
527.6,20.0
117.208,21.0
60.480000000000004,21.0
520.4639999999999,21.0
33.263999999999996,21.0
54.269999999999996,21.0
138.24,21.0
71.904,21.0
1226.232,21.0
69.256,21.0
553.98,21.0
3256.26,21.0
64.67999999999999,21.0
520.4639999999999,21.0
142.56,22.0
55.296,22.0
444.416,22.0
325.59999999999997,23.0
175.44,24.0
358.524,24.0
63.936,24.0
548.16,24.0
392.64,24.0
1362.816,24.0
476.15999999999997,24.0
72.0,25.0
161.46,27.0
134.46,27.0
1106.73,27.0
174.96,27.0
204.48000000000002,28.0
343.84,28.0
91.84,28.0
104.43199999999999,28.0
350.84,28.0
124.976,29.0
165.888,32.0
240.48,36.0
1065.712,38.0
259.20000000000005,40.0
271.0800000000001,58.0
311.0399999999999,60.0
388.8,60.0
316.22400000000005,60.0
331.7759999999999,64.0
453.6000000000001,70.0
393.9839999999999,76.0
544.3200000000002,84.0
557.2799999999999,86.0
497.6640000000002,96.0
738.7200000000006,114.0
842.3999999999996,130.0
27686.846999999998,255.0
